date,time,callsign,registration,aircraft_type,airline,phase,direction,altitude_ft,speed_kmh,spl_db,spl_duration_above_s,vibration_peak_mg,wind_speed_kmh,wind_dir_deg,data_quality
2026-10-01,00:15:51,AFR64PQ,F-GKXY,Airbus A320,Air France,landing,arrivee,600,252.4,91.0,5.45,61.24,8.7,353,
2026-10-01,01:38:20,3475c9,EC-OCT,Airbus A321,TAP Air Portugal,landing,arrivee,575,258.0,90.7,6.5,48.9,9.0,355,
2026-10-01,04:58:49,495307,CS-TXG,Airbus A321neo,TAP Air Portugal,landing,arrivee,625,258.9,89.3,4.84,38.15,11.6,353,
2026-10-01,05:13:43,4952af,CS-TUO,Airbus A330-900neo,TAP Air Portugal,landing,arrivee,600,249.8,94.6,6.61,59.59,12.0,353,
2026-10-01,05:18:05,4952a8,CS-TUH,Airbus A330-900neo,TAP Air Portugal,landing,arrivee,600,250.8,94.4,8.04,58.93,12.3,353,
2026-10-01,05:21:19,49530c,CS-TXL,Airbus A321neo,TAP Air Portugal,landing,arrivee,625,249.8,90.9,4.93,38.97,12.3,353,
2026-10-01,05:24:19,TAP1528,CS-TXA,Airbus A321neo,TAP Air Portugal,landing,arrivee,575,239.8,90.7,6.35,44.69,12.3,353,
2026-10-01,05:26:22,TAP224,CS-TUL,Airbus A330-900neo,TAP Air Portugal,landing,arrivee,600,239.1,93.5,8.2,74.35,12.3,353,
2026-10-01,05:32:51,TAP232Y,CS-TXI,Airbus A321neo,TAP Air Portugal,landing,arrivee,625,247.2,92.1,4.98,39.44,12.3,353,
2026-10-01,05:52:25,4952c2,CS-TVB,Airbus A320neo,TAP Air Portugal,cruise,,600,0.0,90.4,4.58,35.66,12.6,355,
2026-10-01,05:54:36,TAP1550,CS-TJH,Airbus A321,TAP Air Portugal,landing,arrivee,525,255.6,93.5,6.14,57.01,12.6,355,
2026-10-01,05:56:32,495302,CS-TXB,Airbus A321neo,TAP Air Portugal,landing,arrivee,625,243.2,89.4,4.73,41.06,12.6,355,
2026-10-01,05:58:59,4952d1,CS-TVQ,Airbus A320neo,TAP Air Portugal,landing,arrivee,525,220.8,89.8,6.37,33.7,12.6,355,
2026-10-01,06:04:30,4952d2,CS-TVR,Airbus A320neo,TAP Air Portugal,cruise,,700,0.0,92.0,6.84,42.16,13.0,355,
2026-10-01,06:06:31,49514c,CS-TJL,Airbus A321neo,TAP Air Portugal,landing,arrivee,600,253.2,90.6,5.85,38.91,13.0,355,
2026-10-01,06:17:45,c06a75,C-GOIE,Airbus A321neo,Air Transat,landing,arrivee,625,228.9,91.9,6.37,46.89,13.0,355,
2026-10-01,06:25:01,TAP11VP,CS-TTW,Embraer E195,TAP Air Portugal,landing,arrivee,575,237.4,92.7,6.27,59.34,13.4,355,
2026-10-01,06:28:12,495213,CS-TPS,Embraer E190,TAP Air Portugal,landing,arrivee,575,213.0,90.7,5.02,39.59,13.4,355,
2026-10-01,06:33:07,4952c9,CS-TVI,Airbus A320neo,TAP Air Portugal,landing,arrivee,600,241.5,87.5,5.22,39.84,13.7,357,
2026-10-01,06:37:55,AEA1159,EC-MPS,Boeing 737-800,Air Europa,landing,arrivee,625,234.8,91.6,7.02,62.89,13.7,357,
2026-10-01,06:43:18,440d4c,OE-IXJ,Boeing 737-800,ASL Airlines Belgium,landing,arrivee,600,248.4,93.6,6.0,81.16,13.7,357,
2026-10-01,06:46:03,4951cb,CS-TNK,Airbus A320,TAP Air Portugal,landing,arrivee,625,253.2,91.4,6.54,49.1,13.7,357,
2026-10-01,06:55:37,4952b0,CS-TUP,Airbus A330-900neo,TAP Air Portugal,landing,arrivee,600,241.5,94.0,7.79,57.34,13.7,358,
2026-10-01,06:58:56,e4818c,PT-MUD,Boeing 777-300ER,LATAM Airlines,landing,arrivee,525,257.2,96.5,8.9,108.34,14.4,359,
2026-10-01,07:05:35,TAP901,CS-TVK,Airbus A320neo,TAP Air Portugal,landing,arrivee,625,236.7,92.0,5.42,42.15,14.8,359,
2026-10-01,07:08:37,495290,CS-TTP,Airbus A319,TAP Air Portugal,cruise,,725,0.0,93.1,6.02,50.76,14.8,359,
2026-10-01,07:11:52,497cdd,26902,KC-390,Portuguese Air Force,landing,arrivee,675,220.8,93.5,6.6,67.25,14.8,359,
2026-10-01,07:15:09,DAL272,N416DX,Airbus A330-900neo,Delta Air Lines,landing,arrivee,575,245.9,94.0,7.53,72.72,14.8,359,
2026-10-01,07:19:47,ETD7LG,A6-BLG,Boeing 787-9,Etihad Airways,landing,arrivee,500,267.2,92.7,6.15,57.22,15.1,359,
2026-10-01,07:24:11,3c5421,D-AEAA,A300 B4-622RF,European Air Transport (DHL),cruise,,600,0.0,102.6,8.06,83.37,15.1,359,
2026-10-01,07:27:27,347288,EC-NTP,Airbus A320neo,Iberia,landing,arrivee,575,242.4,88.5,5.49,38.58,15.1,359,
2026-10-01,07:30:46,TAP495Y,CS-TAY,Embraer E195,TAP Air Portugal,landing,arrivee,475,238.4,89.4,5.47,38.02,15.1,359,
2026-10-01,07:33:56,DTA650,D2-TEK,Boeing 777-300ER,TAAG Angola Airlines,landing,arrivee,575,250.8,101.7,8.24,84.12,15.5,360,
2026-10-01,07:36:55,TAP85CE,CS-TPQ,Embraer E190,TAP Air Portugal,landing,arrivee,475,237.4,91.6,5.71,52.9,15.5,360,
2026-10-01,07:40:23,SRR6646,OY-SRG,767 219ERBDSF,Star Air,landing,arrivee,575,220.8,96.4,8.84,81.79,15.5,360,
2026-10-01,07:43:56,4952ce,CS-TVN,Airbus A320neo,TAP Air Portugal,landing,arrivee,600,229.1,90.3,6.39,39.35,15.5,360,
2026-10-01,07:46:49,TAP9ML,CS-TVM,Airbus A320neo,TAP Air Portugal,landing,arrivee,525,226.7,91.3,5.39,35.32,15.5,360,
2026-10-01,07:54:00,TAP058,CS-TUQ,Airbus A330-900neo,TAP Air Portugal,landing,arrivee,600,245.6,93.7,7.58,54.02,15.5,360,
2026-10-01,07:56:46,4952ca,CS-TVJ,Airbus A320neo,TAP Air Portugal,approach,arrivee,600,0.0,87.6,5.41,36.59,15.5,360,
2026-10-01,07:59:41,4b027d,HB-AYN,Airbus A320neo,easyJet Switzerland,cruise,,625,0.0,92.5,5.36,48.96,15.5,360,
2026-10-01,08:02:43,TAP8RL,CS-TNR,Airbus A320,TAP Air Portugal,landing,arrivee,450,242.4,92.1,6.27,56.81,15.5,360,
2026-10-01,08:05:19,UAL64,N12012,Boeing 787-10,United Airlines,landing,arrivee,575,251.7,92.5,6.12,56.21,15.8,360,
2026-10-01,08:08:25,TAP9RH,CS-TJP,Airbus A321neo,TAP Air Portugal,landing,arrivee,575,227.4,89.3,5.1,35.88,15.8,360,
2026-10-01,08:11:26,495298,CS-TTX,Embraer E195,TAP Air Portugal,landing,arrivee,575,243.9,94.5,6.89,46.43,15.8,360,
2026-10-01,08:14:21,4ca805,EI-EKG,Boeing 737-800,Ryanair,landing,arrivee,550,259.7,95.6,6.77,63.53,15.8,360,
2026-10-01,08:17:19,AZU9301,PR-AIZ,Airbus A330-200,Azul,landing,arrivee,500,234.8,96.4,7.27,62.4,15.8,360,
2026-10-01,08:20:18,4952cc,CS-TVL,Airbus A320,TAP Air Portugal,landing,arrivee,550,222.6,89.1,5.7,43.29,16.2,360,
2026-10-01,08:23:42,TAP557H,,,TAP Air Portugal,landing,arrivee,575,233.2,93.5,5.83,41.77,16.2,360,
2026-10-01,08:29:54,346691,EC-NLX,Airbus A321,Vueling,landing,arrivee,550,259.3,94.2,6.42,65.12,16.2,360,
2026-10-01,08:36:47,495149,CS-TJI,Airbus A321neo,TAP Air Portugal,landing,arrivee,575,235.6,91.4,6.27,39.8,16.2,360,
2026-10-01,08:39:29,AAL258,N836AA,Boeing 787-9,American Airlines,landing,arrivee,575,260.0,93.3,6.14,70.07,16.2,360,
2026-10-01,08:44:27,495276,CS-TSV,767 34PER,Azul,landing,arrivee,600,240.0,95.4,8.39,93.67,16.2,360,
2026-10-01,08:47:11,c0583a,C-GHKR,Airbus A330-300,Air Canada,landing,arrivee,475,243.2,94.8,7.59,68.98,16.2,360,
2026-10-01,08:50:12,TAP53EI,CS-TJK,Airbus A321neo,TAP Air Portugal,landing,arrivee,600,255.6,89.0,4.83,45.67,16.6,360,
2026-10-01,08:52:57,392aee,F-GKXO,Airbus A320,Air France,landing,arrivee,600,244.8,94.4,6.52,51.33,16.6,360,
2026-10-01,08:56:04,39d30a,F-HUYK,Boeing 737-800,Transavia France,landing,arrivee,525,258.0,99.4,5.29,68.18,16.6,360,
2026-10-01,08:58:45,RYR4XW,EI-IFR,Boeing 737 MAX 8,Ryanair,landing,arrivee,550,243.2,92.2,5.71,54.43,16.6,360,
2026-10-01,09:01:33,EWG37V,OK-TVT,Boeing 737-800,Eurowings,landing,arrivee,525,260.8,93.4,5.98,65.13,16.6,360,
2026-10-01,09:04:08,4952d3,CS-TVS,Airbus A321neo,TAP Air Portugal,cruise,,675,0.0,88.4,6.5,31.97,16.6,360,
2026-10-01,09:07:09,4952c4,CS-TVD,Airbus A320neo,TAP Air Portugal,landing,arrivee,625,237.4,92.4,5.37,37.6,16.6,360,
2026-10-01,09:09:43,406014,G-EZTJ,Airbus A320,easyJet,landing,arrivee,600,238.2,93.4,5.32,71.05,16.6,360,
2026-10-01,09:12:59,TAP675,CS-TVP,Airbus A320neo,TAP Air Portugal,landing,arrivee,550,228.4,87.0,7.08,36.52,16.6,360,
2026-10-01,09:15:35,EJU71TK,OE-IVL,Airbus A320,easyJet Europe,landing,arrivee,600,237.4,90.0,6.57,58.27,16.6,360,
2026-10-01,09:18:28,4952a3,CS-TUC,Airbus A330-900neo,TAP Air Portugal,landing,arrivee,700,244.8,94.8,8.09,59.41,16.6,1,
2026-10-01,09:21:35,406753,G-EZWB,Airbus A320,easyJet,landing,arrivee,600,252.2,89.4,6.85,58.35,16.6,1,
2026-10-01,09:24:49,TSC480,C-GOIP,Airbus A321neo,Air Transat,landing,arrivee,575,236.7,90.5,6.72,48.28,16.6,1,
2026-10-01,09:27:13,RYR98HW,EI-IGW,Boeing 737 MAX 8,Ryanair,landing,arrivee,575,258.7,93.1,5.25,48.17,16.6,1,
2026-10-01,09:30:14,TAP052,CS-TXF,Airbus A321neo,TAP Air Portugal,landing,arrivee,600,249.1,87.8,4.91,41.99,16.6,1,
2026-10-01,09:35:24,THY3WE,TC-LSS,Airbus A321neo,Turkish Airlines,landing,arrivee,650,225.9,90.2,6.44,40.82,16.9,1,
2026-10-01,09:38:13,TAP216L,CS-TXC,Airbus A321neo,TAP Air Portugal,landing,arrivee,575,227.4,90.5,5.43,54.43,16.9,1,
2026-10-01,09:42:39,49514e,CS-TJN,Airbus A321neo,TAP Air Portugal,cruise,,800,0.0,90.4,5.8,41.67,16.9,1,
2026-10-01,09:48:12,AEE2PT,SX-NEV,Airbus A320neo,Aegean Airlines,landing,arrivee,575,230.8,88.2,5.68,43.43,16.9,2,
2026-10-01,09:51:31,34654b,EC-NLJ,Airbus A321,Privilege Style,cruise,,700,0.0,89.7,5.38,43.74,16.9,2,
2026-10-01,09:56:59,TAP254,CS-TXK,Airbus A321,TAP Air Portugal,landing,arrivee,675,230.8,91.2,6.16,44.64,16.9,2,
2026-10-01,09:59:54,4076e2,G-NEOT,Airbus A321neo,British Airways,landing,arrivee,625,229.1,90.3,6.57,52.93,16.9,2,
2026-10-01,10:02:59,TAP072,CS-TUS,Airbus A330-900neo,TAP Air Portugal,landing,arrivee,525,248.4,93.1,6.8,72.04,16.9,2,
2026-10-01,10:05:35,NSZ3616,SE-RPS,Boeing 737-800,Norwegian Air Sweden,landing,arrivee,575,257.1,95.8,6.43,101.92,17.0,4,
2026-10-01,10:08:45,TAP012,CS-TUA,Airbus A330-900neo,TAP Air Portugal,landing,arrivee,575,232.4,93.2,7.24,68.68,17.0,4,
2026-10-01,10:11:31,4951d6,CS-TNV,Airbus A320,TAP Air Portugal,landing,arrivee,600,248.7,92.5,5.95,59.26,17.0,4,
2026-10-01,10:14:36,TAP036,EC-OHV,Airbus A330-300,TAP Air Portugal,landing,arrivee,550,239.1,96.8,7.96,91.71,17.0,4,
2026-10-01,10:17:11,TAP234Y,CS-TXJ,Airbus A321neo,TAP Air Portugal,landing,arrivee,650,258.4,88.7,5.83,39.83,17.0,4,
2026-10-01,10:20:21,TAP27UZ,CS-TPR,Embraer E190,TAP Air Portugal,landing,arrivee,550,227.4,88.6,5.94,59.34,17.0,5,
2026-10-01,10:22:58,4080ad,G-UZLY,Airbus A320neo,easyJet,landing,arrivee,575,249.8,91.1,6.43,59.09,17.0,5,
2026-10-01,10:25:43,4951ef,CS-TOO,Airbus A330-200,TAP Air Portugal,cruise,,600,0.0,93.0,6.6,83.27,17.0,5,
2026-10-01,10:28:48,495218,CS-TPX,Embraer E190,TAP Air Portugal,landing,arrivee,575,226.3,91.3,5.78,43.34,17.0,5,
2026-10-01,10:31:31,440d6f,OE-LSR,Airbus A320,easyJet Europe,landing,arrivee,600,252.2,91.3,4.67,44.28,17.0,5,
2026-10-01,10:33:59,4cae98,EI-IKP,Boeing 737 MAX 8,Ryanair,landing,arrivee,600,260.8,91.5,5.68,98.69,17.4,6,
2026-10-01,10:36:55,EIN82T,EI-GAL,Airbus A320,Aer Lingus,landing,arrivee,600,230.8,90.6,6.44,62.52,17.4,6,
2026-10-01,10:39:36,TAP204A,CS-TUG,Airbus A330-900neo,TAP Air Portugal,landing,arrivee,600,244.8,92.1,7.52,92.72,17.3,4,
2026-10-01,10:42:22,DAL124,N418DX,Airbus A330-900neo,Delta Air Lines,landing,arrivee,600,240.8,93.8,8.86,66.45,17.3,4,
2026-10-01,10:45:27,ACA810,C-FIVQ,Boeing 777-300ER,Air Canada,landing,arrivee,550,249.1,98.6,8.38,124.31,17.3,4,
2026-10-01,10:48:42,3cc57d,D-CCCB,Learjet 35 A,DRF Luftrettung,landing,arrivee,700,194.6,82.6,2.22,25.13,17.7,5,
2026-10-01,10:51:44,AEA1153,EC-MKL,Boeing 737-800,Air Europa,landing,arrivee,675,251.5,92.3,6.4,94.42,17.7,5,
2026-10-01,10:54:50,TAP1826,CS-TVA,Airbus A320neo,TAP Air Portugal,landing,arrivee,575,249.1,91.2,5.8,49.02,17.7,5,
2026-10-01,10:57:43,aaa125,N784UA,Boeing 777-200,United Airlines,landing,arrivee,600,231.3,96.8,6.57,88.53,17.7,5,
2026-10-01,11:00:22,TAP13LH,CS-TJS,Airbus A321neo,TAP Air Portugal,landing,arrivee,600,253.5,91.2,5.28,37.93,17.7,5,
2026-10-01,11:02:55,486651,PH-AXA,Airbus A321neo,KLM,cruise,,650,0.0,90.4,6.08,48.28,17.7,5,
2026-10-01,11:05:40,EJU74EF,OE-IDT,Airbus A320,easyJet Europe,landing,arrivee,625,258.0,92.0,6.95,57.76,17.7,6,
2026-10-01,11:08:40,TAP262M,CS-TXH,Airbus A321neo,TAP Air Portugal,landing,arrivee,625,236.3,91.1,5.91,35.07,17.7,6,
2026-10-01,11:11:40,TAP1923,CS-TJH,Airbus A321,TAP Air Portugal,landing,arrivee,550,239.1,89.5,7.97,73.43,17.7,6,
2026-10-01,11:14:40,495038,CS-TAX,Embraer E195,TAP Air Portugal,landing,arrivee,575,215.9,89.4,4.78,48.33,17.7,6,
2026-10-01,11:17:09,44ce72,OO-SSR,Airbus A319,Brussels Airlines,landing,arrivee,650,242.4,91.3,6.36,53.78,17.7,6,
2026-10-01,11:22:07,RZO120,CS-TSK,Airbus A320,Azores Airlines,landing,arrivee,600,239.1,89.4,4.87,35.33,17.8,7,
2026-10-01,11:25:00,44083c,OE-IJQ,Airbus A320,easyJet Europe,landing,arrivee,600,252.4,88.2,4.27,44.69,17.8,7,
2026-10-01,11:30:25,LGL51P,LX-LBR,Boeing 737-700,Luxair,cruise,,625,0.0,88.9,6.04,46.47,17.8,7,
2026-10-01,11:35:32,39bb22,F-HOZC,Airbus A220-300,,landing,arrivee,625,227.4,88.9,6.43,74.32,17.4,7,
2026-10-01,11:37:52,4ca9d2,EI-EVJ,Boeing 737-800,Ryanair,landing,arrivee,600,271.3,92.1,6.16,51.75,17.4,7,
2026-10-01,11:40:34,34260e,EC-KHM,Airbus A319,Iberia,landing,arrivee,700,231.9,91.7,6.04,46.23,17.4,7,
2026-10-01,11:45:24,RAM980E,CN-RGI,Boeing 737-800,Royal Air Maroc,landing,arrivee,575,277.2,92.3,6.45,57.63,17.4,7,
2026-10-01,11:48:22,495299,CS-TTY,Embraer E195,TAP Air Portugal,cruise,,600,0.0,87.9,6.4,60.93,17.4,7,
2026-10-01,11:51:12,4952a5,CS-TUE,Airbus A330-900neo,TAP Air Portugal,landing,arrivee,625,249.1,96.3,7.73,60.13,17.4,7,
2026-10-01,11:53:45,3c64ac,D-AIEL,Airbus A321neo,Lufthansa,landing,arrivee,650,251.5,92.4,7.45,55.07,17.4,7,
2026-10-01,11:56:31,495210,CS-TPP,Embraer E190,TAP Air Portugal,landing,arrivee,600,250.4,88.8,6.16,38.97,17.4,7,
2026-10-01,11:59:34,4cafc1,EI-GSJ,Boeing 737-800,Ryanair,landing,arrivee,600,258.7,93.4,6.29,68.51,17.4,7,
2026-10-01,12:02:30,4952b2,CS-TUR,Airbus A330-900neo,TAP Air Portugal,landing,arrivee,650,253.9,93.2,8.09,65.09,17.4,7,
2026-10-01,12:05:21,4951f0,CS-TOP,Airbus A330-200,TAP Air Portugal,landing,arrivee,550,225.8,97.6,9.06,103.54,17.1,7,
2026-10-01,12:08:25,495298,CS-TTX,Embraer E195,TAP Air Portugal,landing,arrivee,575,247.2,89.8,6.44,44.79,17.1,7,
2026-10-01,12:11:09,TAP088,CS-TUB,Airbus A330-900neo,TAP Air Portugal,landing,arrivee,625,251.5,92.0,6.84,87.26,17.1,7,
2026-10-01,12:16:40,495cd0,CS-WFP,Airbus A330-300,World2Fly,landing,arrivee,600,250.0,95.2,6.8,71.39,17.1,7,
2026-10-01,12:20:58,3c56ea,D-AEWJ,Airbus A320,Eurowings,cruise,,675,0.0,92.1,6.33,53.38,16.7,7,
2026-10-01,12:24:31,440c33,OE-LSK,Airbus A320neo,easyJet Europe,cruise,,675,0.0,95.4,5.91,45.75,16.7,7,
2026-10-01,12:27:56,TAP11WQ,CS-TNK,Airbus A320,TAP Air Portugal,landing,arrivee,625,248.0,93.4,7.45,64.01,16.7,7,
2026-10-01,12:31:00,4952d2,CS-TVR,Airbus A320neo,TAP Air Portugal,landing,arrivee,625,229.8,91.6,6.48,40.03,16.7,7,
2026-10-01,12:33:40,440cc1,OE-LSP,Airbus A320,easyJet Europe,cruise,,700,0.0,86.2,5.67,50.78,16.7,7,
2026-10-01,12:38:42,440b1e,OE-IWW,Airbus A320,easyJet Europe,landing,arrivee,600,244.8,93.2,6.8,68.96,16.7,7,
2026-10-01,12:41:22,TAP1151,CS-TTS,Airbus A319,TAP Air Portugal,landing,arrivee,700,253.9,93.9,5.27,59.46,16.7,7,
2026-10-01,12:44:16,440db0,OE-IDX,Airbus A320,easyJet Europe,landing,arrivee,625,243.0,94.2,6.04,69.0,16.7,7,
2026-10-01,12:47:01,UAE3MV,A6-ENR,Boeing 777-300ER,Emirates,landing,arrivee,600,273.2,99.4,8.21,95.49,16.7,7,
2026-10-01,12:50:17,RZO122,CS-TSJ,Airbus A321neo,Azores Airlines,landing,arrivee,625,242.4,89.6,6.45,45.78,16.3,8,
2026-10-01,12:53:36,495211,CS-TPQ,Embraer E190,TAP Air Portugal,landing,arrivee,600,237.4,89.4,5.55,48.91,16.3,8,
2026-10-01,12:56:21,4ca4f4,EI-DPP,Boeing 737-800,Ryanair,cruise,,650,270.4,97.6,6.16,64.97,16.3,8,
2026-10-01,12:59:24,TAP1335,CS-TPW,Embraer E190,TAP Air Portugal,landing,arrivee,575,235.6,91.9,5.98,47.75,16.3,8,
2026-10-01,13:02:24,495213,CS-TPS,Embraer E190,TAP Air Portugal,landing,arrivee,600,233.2,93.2,6.07,49.93,16.3,8,
2026-10-01,13:12:56,39ceb9,F-HTVZ,Boeing 737-800,Transavia France,landing,arrivee,600,263.2,95.0,5.96,78.0,17.7,4,
2026-10-01,13:16:00,EJU14GP,OE-IDS,Airbus A320,easyJet Europe,landing,arrivee,625,237.4,92.9,4.78,52.96,17.7,4,
2026-10-01,13:19:19,3c64a1,D-AIEA,Airbus A321neo,Lufthansa,cruise,,725,0.0,95.0,5.96,47.58,17.7,4,
2026-10-01,13:22:27,4951d8,CS-TNX,Airbus A320,TAP Air Portugal,landing,arrivee,700,254.8,90.8,5.95,59.02,17.7,4,
2026-10-01,13:25:32,EJU98EV,OE-LOA,Airbus A320,easyJet Europe,landing,arrivee,450,261.5,90.2,6.0,48.94,17.7,4,
2026-10-01,13:31:17,4401f7,OE-INE,Airbus A320,easyJet Europe,cruise,,675,0.0,92.3,7.84,68.5,17.7,4,
2026-10-01,13:36:26,48af12,SP-LVT,Boeing 737 MAX 8,Buzz,approach,arrivee,675,0.0,90.1,5.43,44.99,17.7,2,
2026-10-01,13:39:45,495304,CS-TXD,Airbus A321neo,TAP Air Portugal,landing,arrivee,600,272.1,86.4,5.62,39.05,17.7,2,
2026-10-01,13:42:29,440005,OE-ING,Airbus A320,easyJet Europe,approach,arrivee,600,240.6,92.6,6.32,62.18,17.7,2,
2026-10-01,13:45:48,SWT131,EC-MKE,ATR 72 500,Swiftair,approach,arrivee,650,180.2,93.9,7.73,48.3,17.7,2,
2026-10-01,13:48:10,4951d5,CS-TNU,Airbus A320,TAP Air Portugal,cruise,,700,0.0,95.5,7.32,54.23,17.7,2,
2026-10-01,13:51:19,TAP43JD,CS-TVB,Airbus A320neo,TAP Air Portugal,landing,arrivee,575,244.6,89.9,6.96,36.83,17.6,1,
2026-10-01,13:54:13,495297,CS-TTW,Embraer E195,TAP Air Portugal,landing,arrivee,600,240.6,91.9,6.42,66.9,17.6,1,
2026-10-01,13:59:01,495170,CS-TKP,Airbus A320,Azores Airlines,landing,arrivee,700,263.2,88.4,5.83,52.11,17.6,1,
2026-10-01,14:01:49,4076cc,G-TTNI,Airbus A320neo,British Airways,landing,arrivee,650,247.2,91.7,5.81,37.68,17.6,1,
2026-10-01,14:04:29,4951d2,CS-TNR,Airbus A320,TAP Air Portugal,landing,arrivee,675,256.3,89.8,5.43,66.86,17.6,360,
2026-10-01,14:07:25,VLG8JM,EC-MQL,Airbus A321,Vueling,landing,arrivee,625,255.9,91.0,4.91,47.34,17.6,360,
2026-10-01,14:10:09,TAP88TM,CS-TVI,Airbus A320neo,TAP Air Portugal,landing,arrivee,575,262.2,90.5,5.71,50.51,17.6,360,
2026-10-01,14:12:53,SWR32F,HB-JCE,C Series 300,Swiss,landing,arrivee,650,244.8,88.4,5.3,53.35,17.6,360,
2026-10-01,14:16:24,TCV606,CS-TSY,Airbus A320,Azores Airlines,landing,arrivee,700,243.2,91.8,6.96,57.34,17.6,360,
2026-10-01,14:19:09,49514f,CS-TJO,Airbus A321neo,TAP Air Portugal,landing,arrivee,675,261.5,88.5,5.19,40.87,18.0,359,
2026-10-01,14:22:01,EJU94NF,OE-IBS,Airbus A320,easyJet Europe,landing,arrivee,625,245.9,90.4,6.79,63.18,18.0,359,
2026-10-01,14:24:35,TAP823,CS-TVQ,Airbus A320neo,TAP Air Portugal,landing,arrivee,675,250.8,90.6,5.55,43.21,18.0,359,
2026-10-01,14:27:31,TAP691P,CS-TPV,Embraer E190,TAP Air Portugal,landing,arrivee,625,250.4,89.7,5.55,46.7,18.0,359,
2026-10-01,14:30:21,TAP084,CS-TUN,Airbus A330-900neo,TAP Air Portugal,landing,arrivee,675,251.5,92.1,8.97,68.61,18.0,359,
2026-10-01,14:33:10,4951d7,CS-TNW,Airbus A320,TAP Air Portugal,landing,arrivee,700,247.2,91.7,7.49,67.16,18.0,359,
2026-10-01,14:36:56,39cd33,F-HTJT,1900 D,Twin Jet,landing,arrivee,750,232.2,88.4,4.27,51.32,18.4,358,
2026-10-01,14:39:05,RYR3663,EI-DCN,Boeing 737-800,Ryanair,landing,arrivee,625,267.2,92.2,5.94,89.93,18.4,358,
2026-10-01,14:47:46,SWR2BK,HB-JPA,Airbus A321neo,Swiss,landing,arrivee,650,257.2,90.9,6.32,41.82,18.4,358,
2026-10-01,14:50:48,4952c6,CS-TVF,Airbus A320neo,TAP Air Portugal,cruise,,725,0.0,89.0,5.22,38.18,19.1,356,
2026-10-01,14:53:17,RYR4ZF,9H-QDQ,Boeing 737-800,Malta Air,landing,arrivee,650,270.4,95.1,6.95,74.97,19.1,356,
2026-10-01,15:00:41,TAP941,CS-TVK,Airbus A320neo,TAP Air Portugal,landing,arrivee,625,263.2,89.5,4.79,46.28,19.1,356,
2026-10-01,15:03:34,KLJ7332,LY-KDT,737 522,KlasJet,landing,arrivee,675,223.2,93.1,7.61,58.0,19.1,356,
2026-10-01,15:06:21,EJU41HA,OE-DWW,172S Skyhawk SP,easyJet Europe,landing,arrivee,550,248.4,88.7,5.16,41.89,19.5,355,
2026-10-01,15:09:57,4952cc,CS-TVL,Airbus A320,TAP Air Portugal,landing,arrivee,650,244.8,93.5,5.92,48.07,19.5,355,
2026-10-01,15:12:15,49514d,CS-TJM,Airbus A321neo,TAP Air Portugal,landing,arrivee,825,260.8,94.5,5.4,44.12,19.5,355,
2026-10-01,15:15:23,406c72,G-EZWZ,Airbus A320,easyJet,landing,arrivee,650,257.2,90.5,5.67,66.75,19.5,355,
2026-10-01,15:18:20,RYR12SN,9H-QCB,Boeing 737-800,Malta Air,landing,arrivee,650,263.9,90.5,6.44,76.9,19.5,355,
2026-10-01,15:21:07,ICE550,TF-ICN,Boeing 737 MAX 8,Icelandair,landing,arrivee,750,274.1,91.8,4.39,50.97,19.9,354,
2026-10-01,15:24:06,THY4GH,TC-LOE,Airbus A330-300,Turkish Airlines,landing,arrivee,625,248.0,92.1,7.56,67.77,19.9,354,
2026-10-01,15:30:55,4951ce,CS-TNN,Airbus A320,TAP Air Portugal,landing,arrivee,775,235.6,93.6,6.68,48.49,19.9,354,
2026-10-01,15:34:09,BLAST63,26902,KC-390,Portuguese Air Force,landing,arrivee,725,229.1,91.8,6.56,80.97,20.3,353,
2026-10-01,15:37:03,345218,EC-MKL,Boeing 737-800,Air Europa,landing,arrivee,625,270.4,91.5,4.92,67.67,20.3,353,
2026-10-01,15:39:48,407fc9,G-TNEA,Airbus A321neo,British Airways,landing,arrivee,725,258.9,89.8,5.79,45.8,20.3,353,
2026-10-01,15:42:58,FIN96W,OH-LXB,Airbus A320,Finnair,landing,arrivee,625,249.1,91.2,7.04,52.0,20.3,353,
2026-10-01,15:45:50,TAP1137,CS-TPR,Embraer E190,TAP Air Portugal,landing,arrivee,625,237.4,91.2,6.1,45.28,20.3,353,
2026-10-01,15:48:36,TAP1143,CS-TVD,Airbus A320neo,TAP Air Portugal,landing,arrivee,650,241.5,89.8,6.85,39.51,20.3,353,
2026-10-01,15:51:17,4951cd,CS-TNM,Airbus A320,TAP Air Portugal,landing,arrivee,775,250.8,91.1,6.56,62.36,20.7,352,
2026-10-01,15:54:08,4952ce,CS-TVN,Airbus A320neo,TAP Air Portugal,landing,arrivee,725,252.2,89.8,5.79,44.23,20.7,352,
2026-10-01,15:57:14,4869c4,,,,landing,arrivee,700,245.9,90.8,6.59,55.54,20.7,352,
2026-10-01,16:00:11,DLH03H,D-AIOA,Airbus A321neo,Lufthansa,landing,arrivee,700,252.4,90.7,6.41,40.93,20.7,352,
2026-10-01,16:02:46,TAP669,CS-TXB,Airbus A321neo,TAP Air Portugal,landing,arrivee,725,259.7,90.3,5.93,67.7,20.7,352,
2026-10-01,16:05:33,495290,CS-TTP,Airbus A319,TAP Air Portugal,approach,arrivee,700,0.0,90.7,6.63,46.25,20.8,351,
2026-10-01,16:07:22,RYR76ZW,EI-HGH,Boeing 737 MAX 8,Ryanair,landing,arrivee,650,278.0,92.0,5.16,49.04,20.8,351,
2026-10-01,16:10:31,4951cc,CS-TNL,Airbus A320,TAP Air Portugal,landing,arrivee,700,240.0,92.4,5.45,67.52,20.8,351,
2026-10-01,16:13:20,TAP31DB,CS-TVO,Airbus A320neo,TAP Air Portugal,landing,arrivee,650,226.7,90.9,6.49,37.54,20.8,351,
2026-10-01,16:16:04,TAP571,CS-TXM,Airbus A321,TAP Air Portugal,landing,arrivee,675,253.2,91.5,5.3,47.0,20.8,351,
2026-10-01,16:18:55,4952c7,CS-TVG,Airbus A320neo,TAP Air Portugal,landing,arrivee,675,256.5,92.9,5.27,53.22,20.8,351,
2026-10-01,16:21:48,345597,EC-MSL,Bombardier CRJ-1000,Air Nostrum,landing,arrivee,700,239.8,90.7,5.03,39.74,20.8,351,
2026-10-01,16:23:18,4952d3,CS-TVS,Airbus A321neo,TAP Air Portugal,landing,arrivee,950,255.9,88.2,5.02,39.47,20.8,351,
2026-10-01,16:26:18,40768d,G-UZMF,Airbus A321neo,easyJet,landing,arrivee,700,251.5,90.9,5.31,56.88,20.8,351,
2026-10-01,16:27:59,49514c,CS-TJL,Airbus A321neo,TAP Air Portugal,landing,arrivee,725,257.2,91.1,4.8,37.73,20.8,351,
2026-10-01,16:31:07,4952ab,CS-TUK,Airbus A330-900neo,TAP Air Portugal,landing,arrivee,675,236.7,92.7,7.1,58.32,20.8,351,
2026-10-01,16:33:57,4400dc,OE-IDT,Airbus A320,easyJet Europe,landing,arrivee,700,241.5,88.5,6.44,61.1,20.8,350,
2026-10-01,16:36:42,RYR32KG,EI-EKL,Boeing 737-800,Ryanair,landing,arrivee,675,263.2,92.5,4.99,86.05,20.8,350,
2026-10-01,16:39:23,TAP433,CS-TXL,Airbus A321neo,TAP Air Portugal,landing,arrivee,675,253.0,90.4,6.08,35.9,20.8,350,
2026-10-01,16:42:13,4d22b5,9H-LON,Airbus A320,Lauda Europe,landing,arrivee,750,241.5,92.7,6.11,62.23,20.8,350,
2026-10-01,16:44:53,495154,,,TAP Air Portugal,cruise,,800,0.0,91.6,5.12,38.12,20.8,350,
2026-10-01,16:48:01,TAP10NL,CS-TXA,Airbus A321neo,TAP Air Portugal,landing,arrivee,700,250.8,86.9,5.42,33.55,20.8,350,
2026-10-01,16:50:30,TVF72AP,F-GZHB,Boeing 737-800,Transavia France,landing,arrivee,750,272.8,93.4,5.56,77.47,21.8,351,
2026-10-01,16:53:26,4cae98,EI-IKP,Boeing 737 MAX 8,Ryanair,landing,arrivee,650,256.5,88.9,5.29,42.43,21.8,351,
2026-10-01,16:56:07,4d24ca,9H-VVI,Boeing 737 MAX 8,Malta Air,approach,arrivee,650,0.0,87.5,5.3,55.91,21.8,351,
2026-10-01,17:02:15,TAP763,CS-TVE,Airbus A320neo,TAP Air Portugal,landing,arrivee,675,241.5,92.5,5.61,28.3,21.8,351,
2026-10-01,17:07:28,3c54a2,D-AEEB,Airbus A321,Eurowings,landing,arrivee,675,243.2,91.3,5.86,45.34,21.5,351,
2026-10-01,17:11:52,4ca2d5,EI-DLI,Boeing 737-800,Ryanair,landing,arrivee,625,258.0,94.7,5.56,70.23,21.5,351,
2026-10-01,17:20:24,4d242f,9H-WBA,Airbus A320,Lauda Europe,landing,arrivee,675,220.6,87.7,4.77,41.4,21.2,350,
2026-10-01,17:23:07,495039,CS-TAY,Embraer E195,TAP Air Portugal,landing,arrivee,675,252.4,89.9,6.16,43.23,21.2,350,
2026-10-01,17:25:38,RAM982,CN-ROK,Boeing 737-800,Royal Air Maroc,landing,arrivee,650,269.7,94.6,5.96,80.74,21.2,350,
2026-10-01,17:28:27,4951cb,CS-TNK,Airbus A320,TAP Air Portugal,landing,arrivee,750,252.4,89.9,5.32,57.06,21.2,350,
2026-10-01,17:31:03,BAW506,G-EUYJ,Airbus A320,British Airways,landing,arrivee,650,240.0,87.2,6.32,48.92,21.2,350,
2026-10-01,17:33:24,TAP1824,CS-TJP,Airbus A321neo,TAP Air Portugal,landing,arrivee,700,235.6,91.5,6.5,44.99,21.2,350,
2026-10-01,17:35:34,TRA27L,PH-HBK,Boeing 737-800,Transavia,landing,arrivee,675,265.6,94.9,5.56,105.77,20.5,350,
2026-10-01,17:43:10,495298,CS-TTX,Embraer E195,TAP Air Portugal,landing,arrivee,700,243.2,90.5,5.28,63.86,20.5,350,
2026-10-01,17:45:52,RYR7GJ,9H-QDL,Boeing 737-800,Malta Air,landing,arrivee,625,262.8,93.0,6.98,79.84,20.5,350,
2026-10-01,17:49:26,440c33,OE-LSK,Airbus A320neo,easyJet Europe,landing,arrivee,650,253.9,88.8,5.8,38.96,20.2,349,
2026-10-01,17:52:03,4952ad,CS-TUM,Airbus A330-900neo,TAP Air Portugal,landing,arrivee,725,238.4,92.4,7.92,96.64,20.2,349,
2026-10-01,17:55:13,NJE378A,CS-LTV,Citation Latitude,NetJets,landing,arrivee,775,200.2,83.1,1.09,22.09,20.2,349,
2026-10-01,17:59:14,TAP1558,CS-TVM,Airbus A320neo,TAP Air Portugal,landing,arrivee,650,238.4,88.7,4.39,33.92,20.2,349,
2026-10-01,18:01:55,4951d6,CS-TNV,Airbus A320,TAP Air Portugal,cruise,,750,0.0,90.0,6.21,60.16,20.2,349,
2026-10-01,18:04:46,4952ca,CS-TVJ,Airbus A320neo,TAP Air Portugal,landing,arrivee,775,243.5,87.1,5.4,42.66,19.6,347,
2026-10-01,18:07:27,TRA9H,PH-HSI,Boeing 737-800,Transavia,landing,arrivee,675,270.0,90.9,5.46,60.12,19.6,347,
2026-10-01,18:12:27,495218,CS-TPX,Embraer E190,TAP Air Portugal,landing,arrivee,650,230.8,91.9,6.07,75.81,19.6,347,
2026-10-01,18:15:19,TAP17RA,CS-TAX,Embraer E195,TAP Air Portugal,landing,arrivee,675,254.1,90.4,4.32,48.98,19.6,347,
2026-10-01,18:21:22,4aca8a,SE-RTJ,Boeing 737 MAX 8,Norwegian Air Sweden,landing,arrivee,650,266.5,92.4,5.67,53.54,19.3,346,
2026-10-01,18:26:36,495304,CS-TXD,Airbus A321neo,TAP Air Portugal,cruise,,650,0.0,88.1,4.79,44.62,19.3,346,
2026-10-01,18:29:20,344099,EC-LLJ,Airbus A320,Vueling,landing,arrivee,750,233.4,92.8,5.58,67.23,19.3,346,
2026-10-01,18:32:19,39d314,F-HUYU,Boeing 737-800,Transavia France,landing,arrivee,675,264.7,93.8,4.88,111.37,19.3,346,
2026-10-01,18:37:43,4869c3,PH-AXT,Airbus A321neo,KLM,landing,arrivee,775,233.2,87.4,4.88,48.38,18.6,345,
2026-10-01,18:40:41,400fda,G-EZBI,Airbus A319,easyJet,landing,arrivee,800,240.8,89.4,5.96,47.34,18.6,345,
2026-10-01,18:43:43,34568c,EC-MUU,Airbus A319,Volotea,landing,arrivee,750,238.2,88.0,5.94,48.61,18.6,345,
2026-10-01,18:46:57,TAY2MN,OE-IXJ,Boeing 737-800,ASL Airlines Belgium,landing,arrivee,700,238.2,92.9,6.33,78.15,18.6,345,
2026-10-01,18:54:33,39bdac,F-HPNM,Airbus A220-300,,landing,arrivee,800,222.2,88.3,5.93,48.81,18.3,344,
2026-10-01,18:59:56,4952cb,CS-TVK,Airbus A320neo,TAP Air Portugal,landing,arrivee,800,223.9,88.2,6.16,54.22,18.4,343,
2026-10-01,19:02:56,TAP10EV,CS-TTW,Embraer E195,TAP Air Portugal,landing,arrivee,650,242.4,90.4,6.78,43.51,18.4,343,
2026-10-01,19:08:32,VLG9QY,EC-MHS,Airbus A321,Vueling,landing,arrivee,700,245.9,93.1,5.84,49.92,17.8,342,
2026-10-01,19:11:21,AEA1157,EC-MPS,Boeing 737-800,Air Europa,landing,arrivee,700,254.8,95.1,5.97,74.09,17.8,342,
2026-10-01,19:14:01,4869c1,PH-YHP,Airbus A321neo,,landing,arrivee,775,255.6,89.2,5.59,44.5,17.8,342,
2026-10-01,19:17:11,4951d7,CS-TNW,Airbus A320,TAP Air Portugal,landing,arrivee,700,226.5,88.4,5.05,57.76,17.8,342,
2026-10-01,19:20:39,471d5c,HA-LDC,Airbus A321neo,Wizz Air,cruise,,775,0.0,92.2,5.43,46.26,17.1,342,
2026-10-01,19:23:43,495290,CS-TTP,Airbus A319,TAP Air Portugal,landing,arrivee,600,231.9,86.6,4.16,45.88,17.1,342,
2026-10-01,19:26:22,TAP35BL,CS-TTS,Airbus A319,TAP Air Portugal,landing,arrivee,675,248.4,89.2,4.84,58.4,17.1,342,
2026-10-01,19:29:17,44d076,OO-TCV,Airbus A320,Brussels Airlines,landing,arrivee,700,239.8,90.7,7.37,57.9,17.1,342,
2026-10-01,19:39:38,49514e,CS-TJN,Airbus A321neo,TAP Air Portugal,landing,arrivee,800,249.8,88.1,3.95,40.03,16.3,342,
2026-10-01,19:42:16,495155,,,TAP Air Portugal,landing,arrivee,825,244.3,86.3,6.06,46.46,16.3,342,
2026-10-01,19:45:10,EWG6TR,9H-EWE,Airbus A320,Eurowings,landing,arrivee,725,244.6,95.3,5.36,67.39,16.3,342,
2026-10-01,19:47:46,4d23f9,9H-QEQ,Boeing 737-800,Malta Air,cruise,,700,0.0,93.8,5.49,90.53,16.3,342,
2026-10-01,19:50:43,UAE5M,A6-EPM,Boeing 777-300ER,Emirates,landing,arrivee,650,263.2,95.9,7.98,88.79,15.6,341,
2026-10-01,19:53:25,49521a,CS-TPZ,Embraer E190,TAP Air Portugal,landing,arrivee,675,233.5,91.4,5.84,45.45,15.6,341,
2026-10-01,19:56:08,06a0be,A7-BCZ,Boeing 787-8,Qatar Airways,landing,arrivee,700,244.8,88.8,5.68,64.97,15.6,341,
2026-10-01,20:01:40,HAT5239,9H-GTC,737 430,Air Horizont,landing,arrivee,650,237.4,91.9,6.76,59.6,15.6,341,
2026-10-01,20:04:38,495217,CS-TPW,Embraer E190,TAP Air Portugal,landing,arrivee,675,221.5,88.5,5.49,34.76,14.8,342,
2026-10-01,20:07:32,TAP563,CS-TVA,Airbus A320neo,TAP Air Portugal,landing,arrivee,700,243.9,87.8,4.9,39.45,14.8,342,
2026-10-01,20:10:39,TAP871,CS-TPP,Embraer E190,TAP Air Portugal,landing,arrivee,650,226.7,89.7,6.22,50.16,14.8,342,
2026-10-01,20:13:36,EZY26YM,G-UZLX,Airbus A320neo,easyJet,landing,arrivee,650,228.4,90.2,7.0,46.99,14.8,342,
2026-10-01,20:16:23,4952d0,CS-TVP,Airbus A320neo,TAP Air Portugal,landing,arrivee,700,244.8,89.7,5.94,42.38,14.8,342,
2026-10-01,20:19:26,495214,CS-TPT,Embraer E190,TAP Air Portugal,landing,arrivee,650,225.0,91.4,5.88,48.92,14.0,342,
2026-10-01,20:22:09,RYR56BR,EI-GSJ,Boeing 737-800,Ryanair,landing,arrivee,625,249.8,91.0,5.83,72.46,14.0,342,
2026-10-01,20:24:55,RYR384,EI-IKX,Boeing 737 MAX 8,Ryanair,landing,arrivee,650,259.7,92.0,5.41,53.85,14.0,342,
2026-10-01,20:27:46,EJU92TK,OE-LQN,Airbus A319,easyJet Europe,landing,arrivee,750,241.5,93.4,5.95,55.15,14.0,342,
2026-10-01,20:31:04,TAP53ED,CS-TJK,Airbus A321neo,TAP Air Portugal,landing,arrivee,675,244.3,90.4,5.08,40.6,14.0,342,
2026-10-01,20:34:27,49529a,CS-TTZ,Embraer E195,TAP Air Portugal,cruise,,700,0.0,92.6,6.21,55.76,13.6,343,
2026-10-01,20:37:52,IBE0537,EC-NAY,Airbus A320neo,Iberia,landing,arrivee,475,221.9,88.6,5.72,38.15,13.6,343,
2026-10-01,20:43:02,4952d2,CS-TVR,Airbus A320neo,TAP Air Portugal,landing,arrivee,725,249.1,89.5,5.31,46.3,13.6,343,
2026-10-01,20:46:33,495292,CS-TTR,Airbus A319,TAP Air Portugal,landing,arrivee,825,218.9,90.4,7.1,49.83,13.6,343,
2026-10-01,20:49:16,4d244b,9H-VVG,Boeing 737 MAX 8,Malta Air,landing,arrivee,650,243.2,90.9,5.95,48.37,13.1,344,
2026-10-01,20:52:43,4bb843,TC-NBC,Airbus A320neo,Pegasus,landing,arrivee,750,220.8,89.7,6.47,53.35,13.1,344,
2026-10-01,20:55:50,4d227f,9H-QAW,Boeing 737-800,Malta Air,landing,arrivee,675,248.4,89.8,5.45,62.89,13.1,344,
2026-10-01,20:59:41,TAP755,CS-TJH,Airbus A321,TAP Air Portugal,landing,arrivee,675,253.2,91.6,6.45,68.5,13.1,344,
2026-10-01,21:12:09,RYR647X,9H-QCP,Boeing 737-800,Malta Air,landing,arrivee,650,246.3,91.3,6.76,70.42,12.3,345,
2026-10-01,21:15:21,4ca4f4,EI-DPP,Boeing 737-800,Ryanair,landing,arrivee,675,246.7,93.8,5.92,99.11,12.3,345,
2026-10-01,21:21:49,TAP885,CS-TPQ,Embraer E190,TAP Air Portugal,landing,arrivee,650,210.8,93.4,5.92,58.12,11.5,346,
2026-10-01,21:24:46,495216,CS-TPV,Embraer E190,TAP Air Portugal,landing,arrivee,675,219.1,88.6,6.69,64.49,11.5,346,
2026-10-01,21:27:32,495213,CS-TPS,Embraer E190,TAP Air Portugal,approach,arrivee,625,0.0,91.4,5.43,41.3,11.5,346,
2026-10-01,21:29:52,495269,CS-TSI,Airbus A321neo,Azores Airlines,cruise,,700,0.0,90.0,4.27,43.1,11.5,346,
2026-10-01,21:32:32,ELY375,4X-EKT,Boeing 737-800,El Al,landing,arrivee,650,257.6,90.8,6.27,83.1,11.5,346,
2026-10-01,21:35:28,TAP57W,CS-TVI,Airbus A320neo,TAP Air Portugal,landing,arrivee,600,234.3,88.5,4.91,48.05,10.8,345,
2026-10-01,21:37:56,DAH3004,7T-VKK,Boeing 737-800,Air Algerie,landing,arrivee,650,240.8,91.8,6.48,80.79,10.8,345,
2026-10-01,21:41:12,4c01e5,YU-APF,Airbus A319,Air Serbia,landing,arrivee,775,233.2,89.3,5.95,53.36,10.8,345,
2026-10-01,21:50:42,495170,CS-TKP,Airbus A320,Azores Airlines,landing,arrivee,725,260.4,89.7,6.04,64.29,10.0,345,
2026-10-01,21:52:58,4d2255,9H-QDI,Boeing 737-800,Malta Air,landing,arrivee,650,253.9,92.4,5.72,66.85,10.0,345,
2026-10-01,21:55:42,4d2068,9H-WNZ,Airbus A321neo,Lauda Europe,landing,arrivee,775,232.2,93.1,5.79,53.95,10.0,345,
2026-10-01,21:58:54,TAP827V,CS-TJI,Airbus A321neo,TAP Air Portugal,landing,arrivee,675,252.4,91.8,5.75,39.17,10.0,345,
2026-10-01,22:01:13,DLH34J,D-AING,Airbus A320neo,Lufthansa,landing,arrivee,825,238.9,87.3,4.68,45.77,10.0,345,
2026-10-01,22:04:19,4951ce,CS-TNN,Airbus A320,TAP Air Portugal,landing,arrivee,725,230.0,91.9,4.87,58.97,9.3,344,
2026-10-01,22:07:49,4951d8,CS-TNX,Airbus A320,TAP Air Portugal,landing,arrivee,775,239.1,93.2,5.27,69.53,9.3,344,
2026-10-01,22:12:47,EJU74EP,OE-IWW,Airbus A320,easyJet Europe,landing,arrivee,700,250.8,88.7,5.16,57.6,9.3,344,
2026-10-01,22:15:48,AEE7PT,SX-NAG,Airbus A321neo,Aegean Airlines,landing,arrivee,650,231.5,94.8,5.43,57.96,9.3,344,
2026-10-01,22:18:34,TAP437X,CS-TJO,Airbus A321neo,TAP Air Portugal,landing,arrivee,675,251.5,91.7,4.9,36.0,9.3,344,
2026-10-01,22:21:20,4cadb8,EI-IFX,Boeing 737 MAX 8,Ryanair,landing,arrivee,675,260.0,89.3,4.92,59.53,9.0,344,
2026-10-01,22:24:06,4403a7,OE-DWW,172S Skyhawk SP,easyJet Europe,landing,arrivee,700,258.9,87.3,4.91,36.4,9.0,344,
2026-10-01,22:27:33,392aef,F-GKXP,Airbus A320,Air France,cruise,,700,0.0,93.0,5.79,59.83,9.0,344,
2026-10-01,22:30:27,495145,CS-TJE,Airbus A321,TAP Air Portugal,landing,arrivee,650,261.5,90.2,5.79,53.24,9.0,344,
2026-10-01,22:33:34,440da5,OE-IDS,Airbus A320,easyJet Europe,landing,arrivee,800,250.0,91.2,4.79,56.76,9.0,344,
2026-10-01,22:37:54,495212,CS-TPR,Embraer E190,TAP Air Portugal,landing,arrivee,600,236.7,90.3,4.77,62.72,8.3,342,
2026-10-01,22:40:38,4951d2,CS-TNR,Airbus A320,TAP Air Portugal,landing,arrivee,650,248.0,90.9,4.79,65.37,8.3,342,
2026-10-01,22:43:16,EJU93ZB,OE-LSP,Airbus A320,easyJet Europe,landing,arrivee,650,252.4,88.2,5.07,42.7,8.3,342,
2026-10-01,22:45:19,4951d5,CS-TNU,Airbus A320,TAP Air Portugal,landing,arrivee,675,256.5,91.9,4.44,73.44,8.3,342,
2026-10-01,22:48:06,495039,CS-TAY,Embraer E195,TAP Air Portugal,landing,arrivee,650,245.6,89.0,4.31,36.48,8.3,342,
2026-10-01,22:49:51,4cac85,EI-HGH,Boeing 737 MAX 8,Ryanair,landing,arrivee,600,269.7,88.6,5.52,63.0,8.5,348,
2026-10-01,22:51:38,4952c2,CS-TVB,Airbus A320neo,TAP Air Portugal,landing,arrivee,650,241.5,86.6,5.96,35.69,8.5,348,
2026-10-01,22:53:28,4952c6,CS-TVF,Airbus A320neo,TAP Air Portugal,landing,arrivee,650,243.2,87.8,5.03,39.06,8.5,348,
2026-10-01,22:56:19,KLM35W,PH-AXG,Airbus A321neo,KLM,landing,arrivee,650,232.4,88.3,4.92,41.49,8.5,348,
2026-10-01,22:58:09,TAP21MM,CS-TAX,Embraer E195,TAP Air Portugal,landing,arrivee,625,236.7,88.5,4.8,50.0,8.5,348,
2026-10-01,22:59:42,TVF34QV,F-HUYS,Boeing 737-800,Transavia France,landing,arrivee,550,261.5,90.0,5.43,62.23,8.5,348,
2026-10-01,23:02:32,DLH64P,D-AISD,Airbus A321,Lufthansa,landing,arrivee,600,267.2,89.7,4.78,72.23,8.5,348,
2026-10-01,23:05:20,406b62,G-EUYX,Airbus A320,British Airways,landing,arrivee,700,241.5,89.4,6.19,44.23,7.8,347,
2026-10-01,23:13:35,495215,CS-TPU,Embraer E190,TAP Air Portugal,landing,arrivee,625,220.2,89.4,5.28,42.73,7.8,347,
2026-10-01,23:16:35,EJU64TB,OE-IDU,Airbus A320,easyJet Europe,landing,arrivee,675,268.0,88.5,5.31,56.74,7.8,347,
2026-10-01,23:18:24,4951cd,CS-TNM,Airbus A320,TAP Air Portugal,landing,arrivee,650,245.6,88.9,5.8,51.85,7.8,347,
2026-10-01,23:21:19,EJU7690,OE-IDT,Airbus A320,easyJet Europe,landing,arrivee,625,257.2,88.2,6.8,72.51,7.1,345,
2026-10-01,23:24:09,SWR755L,HB-JPB,Airbus A321neo,Swiss,landing,arrivee,675,241.5,89.0,6.28,54.2,7.1,345,
2026-10-01,23:25:56,THY2ES,TC-LSM,Airbus A321neo,Turkish Airlines,landing,arrivee,650,231.5,90.0,5.96,50.95,7.1,345,
2026-10-01,23:28:46,4951d9,CS-TNY,Airbus A320,TAP Air Portugal,landing,arrivee,775,220.8,91.1,5.91,49.08,7.1,345,
2026-10-01,23:30:46,IBE0539,EC-IXD,Airbus A321,Iberia,landing,arrivee,650,255.6,93.2,6.42,78.54,7.1,345,
2026-10-01,23:32:54,EJU32GK,OE-IDX,Airbus A320,easyJet Europe,landing,arrivee,550,249.8,87.6,5.15,55.61,7.1,345,
2026-10-01,23:34:37,440d10,OE-IBS,Airbus A320,easyJet Europe,landing,arrivee,650,251.5,87.4,4.27,70.92,6.3,347,
2026-10-01,23:37:58,TAP64M,CS-TVG,Airbus A320neo,TAP Air Portugal,landing,arrivee,650,233.9,91.9,5.92,50.92,6.3,347,
2026-10-01,23:39:56,TAP3834,CS-TTY,Embraer E195,TAP Air Portugal,landing,arrivee,625,250.0,89.3,5.84,51.22,6.3,347,
2026-10-01,23:42:22,DLH23C,D-AIED,Airbus A321neo,Lufthansa,landing,arrivee,650,237.4,88.6,5.43,53.75,6.3,347,
2026-10-01,23:46:44,49514d,CS-TJM,Airbus A321neo,TAP Air Portugal,cruise,,775,0.0,85.8,4.78,32.43,6.3,347,
2026-10-01,23:49:31,4951d6,CS-TNV,Airbus A320,TAP Air Portugal,landing,arrivee,700,243.9,87.9,4.67,66.07,5.9,346,
2026-10-01,23:51:35,4cafc1,EI-GSJ,Boeing 737-800,Ryanair,landing,arrivee,675,255.6,91.8,6.17,77.9,5.9,346,
2026-10-01,23:53:51,440c33,OE-LSK,Airbus A320neo,easyJet Europe,cruise,,700,0.0,84.6,4.82,39.69,5.9,346,
2026-10-02,00:09:07,39d30e,F-HUYO,Boeing 737-800,Transavia France,landing,arrivee,700,266.5,93.5,6.32,84.03,5.2,344,
2026-10-02,00:18:01,RYR5PJ,EI-IKP,Boeing 737 MAX 8,Ryanair,landing,arrivee,625,259.7,92.6,5.56,49.86,5.2,344,
2026-10-02,00:54:38,49514e,CS-TJN,Airbus A321neo,TAP Air Portugal,cruise,,675,0.0,89.8,5.79,38.05,3.8,343,
2026-10-02,01:13:08,49526b,CS-TSK,Airbus A320,Azores Airlines,landing,arrivee,725,263.9,89.0,4.91,38.78,3.8,343,
2026-10-02,02:33:26,495152,CS-TJR,Airbus A321neo,TAP Air Portugal,cruise,,700,0.0,91.5,5.3,46.3,3.4,328,
2026-10-02,05:03:25,4952a6,CS-TUF,Airbus A330-900neo,TAP Air Portugal,landing,arrivee,725,251.5,91.5,8.26,63.29,3.5,336,
2026-10-02,05:05:19,TAP202A,CS-TXG,Airbus A321neo,TAP Air Portugal,landing,arrivee,700,258.4,87.7,5.55,56.12,3.5,336,
2026-10-02,05:07:30,TAP218,CS-TXK,Airbus A321,TAP Air Portugal,landing,arrivee,700,242.4,90.7,4.79,37.59,3.5,336,
2026-10-02,05:09:34,TAP074,CS-TUD,Airbus A330-900neo,TAP Air Portugal,landing,arrivee,675,261.5,90.9,7.93,73.49,3.5,336,
2026-10-02,05:49:07,TAP1484,,,TAP Air Portugal,landing,arrivee,650,234.8,87.4,4.54,31.22,3.5,336,
2026-10-02,05:51:35,TAP232Y,CS-TXF,Airbus A321neo,TAP Air Portugal,landing,arrivee,700,256.5,87.2,4.3,44.41,3.4,342,
2026-10-02,05:54:07,TAP224,CS-TUC,Airbus A330-900neo,TAP Air Portugal,landing,arrivee,675,249.8,93.4,7.8,59.19,3.4,342,
2026-10-02,05:56:09,495309,CS-TXI,Airbus A321neo,TAP Air Portugal,cruise,,725,0.0,90.0,6.28,44.19,3.4,342,
2026-10-02,05:59:10,MMZ660P,D-AUSC,Airbus A340-300,EuroAtlantic Airways,landing,arrivee,725,230.6,91.5,7.47,57.94,3.4,342,
2026-10-02,06:01:27,TAP1937,CS-TNR,Airbus A320,TAP Air Portugal,landing,arrivee,675,253.2,91.7,6.27,56.81,3.4,342,
2026-10-02,06:03:08,TAP96AW,CS-TVA,Airbus A320neo,TAP Air Portugal,cruise,,825,0.0,87.0,5.43,42.58,3.4,342,
2026-10-02,06:04:50,TAP1544,CS-TVM,Airbus A320neo,TAP Air Portugal,landing,arrivee,700,249.1,90.1,5.16,43.83,3.4,342,
2026-10-02,06:07:21,4952af,CS-TUO,Airbus A330-900neo,TAP Air Portugal,landing,arrivee,725,250.4,90.9,8.61,66.32,3.4,342,
2026-10-02,06:19:10,49521a,CS-TPZ,Embraer E190,TAP Air Portugal,landing,arrivee,675,225.8,89.8,5.44,59.9,3.4,342,
2026-10-02,06:23:20,495216,CS-TPV,Embraer E190,TAP Air Portugal,landing,arrivee,550,234.8,89.1,5.95,48.07,3.4,342,
2026-10-02,06:28:03,TAP1550,CS-TJK,Airbus A321neo,TAP Air Portugal,landing,arrivee,575,260.8,88.1,4.91,42.33,3.4,342,
2026-10-02,06:31:14,TAY1MN,OE-IXJ,Boeing 737-800,ASL Airlines Belgium,landing,arrivee,675,239.1,93.2,7.32,64.15,3.4,342,
2026-10-02,06:33:43,4952b1,CS-TUQ,Airbus A330-900neo,TAP Air Portugal,landing,arrivee,725,247.2,95.4,8.13,59.92,3.4,342,
2026-10-02,06:43:23,3453c1,EC-MPS,Boeing 737-800,Air Europa,landing,arrivee,725,263.9,89.7,6.59,56.11,3.3,347,
2026-10-02,06:50:38,4951d5,CS-TNU,Airbus A320,TAP Air Portugal,landing,arrivee,750,258.9,89.0,6.55,48.47,3.3,354,
2026-10-02,06:53:31,0900f1,D2-TEK,Boeing 777-300ER,TAAG Angola Airlines,landing,arrivee,700,267.2,96.9,8.21,96.2,3.3,354,
2026-10-02,07:03:36,49529a,CS-TTZ,Embraer E195,TAP Air Portugal,cruise,,700,0.0,91.8,6.32,42.35,3.0,346,
2026-10-02,07:06:35,TAM8146,PT-MUD,Boeing 777-300ER,LATAM Airlines,landing,arrivee,675,260.8,95.1,7.84,94.35,3.0,346,
2026-10-02,07:09:14,4952b0,CS-TUP,Airbus A330-900neo,TAP Air Portugal,landing,arrivee,775,258.0,96.4,8.6,68.23,3.0,346,
2026-10-02,07:13:22,TAP98CX,CS-TJE,Airbus A321,TAP Air Portugal,landing,arrivee,725,255.6,92.5,8.09,58.41,3.0,346,
2026-10-02,07:17:17,3c1bb1,D-AZMQ,Airbus A300-600,,landing,arrivee,775,237.1,96.1,8.6,117.55,3.0,346,
2026-10-02,07:20:10,495297,CS-TTW,Embraer E195,TAP Air Portugal,landing,arrivee,675,251.5,89.5,6.56,53.32,3.0,346,
2026-10-02,07:23:21,a4d483,N410DZ,Airbus A330-900neo,Delta Air Lines,landing,arrivee,675,253.2,92.4,7.71,96.07,3.0,346,
2026-10-02,07:26:27,IBE05TR,EC-NDN,Airbus A320neo,Iberia,landing,arrivee,725,229.8,86.7,4.78,35.47,3.0,346,
2026-10-02,07:29:13,4d21f1,9H-QAI,Boeing 737-800,Malta Air,landing,arrivee,700,265.6,88.3,7.07,65.91,3.0,346,
2026-10-02,07:32:27,495218,CS-TPX,Embraer E190,TAP Air Portugal,landing,arrivee,650,229.1,87.9,6.19,50.31,3.0,346,
2026-10-02,07:35:41,4952cb,CS-TVK,Airbus A320neo,TAP Air Portugal,landing,arrivee,675,225.8,86.8,5.16,34.27,3.3,347,
2026-10-02,07:38:14,TAP9ML,CS-TVP,Airbus A320neo,TAP Air Portugal,landing,arrivee,675,248.4,89.5,3.95,39.16,3.3,347,
2026-10-02,07:45:19,4951d7,CS-TNW,Airbus A320,TAP Air Portugal,landing,arrivee,725,253.2,87.6,6.13,48.79,3.3,347,
2026-10-02,07:48:49,TAP244,CS-TUS,Airbus A330-900neo,TAP Air Portugal,landing,arrivee,725,244.8,95.4,7.67,62.71,3.3,347,
2026-10-02,07:51:47,4952cc,CS-TVL,Airbus A320,TAP Air Portugal,landing,arrivee,750,233.2,88.1,5.91,41.29,3.3,347,
2026-10-02,07:54:44,342591,EC-KHN,Airbus A320,Vueling,landing,arrivee,700,241.5,90.3,6.44,74.83,3.3,347,
2026-10-02,07:57:15,4952d1,CS-TVQ,Airbus A320neo,TAP Air Portugal,landing,arrivee,750,247.2,86.2,5.4,50.39,3.3,347,
2026-10-02,08:00:01,a05629,N12006,Boeing 787-10,United Airlines,landing,arrivee,725,268.2,89.7,6.53,62.66,3.3,347,
2026-10-02,08:02:51,495292,CS-TTR,Airbus A319,TAP Air Portugal,landing,arrivee,700,225.0,94.9,6.4,66.55,3.3,347,
2026-10-02,08:05:48,TAP575,,,TAP Air Portugal,landing,arrivee,700,260.8,89.7,5.8,35.96,3.3,347,
2026-10-02,08:08:35,495217,CS-TPW,Embraer E190,TAP Air Portugal,landing,arrivee,675,226.7,88.0,6.8,52.95,3.3,347,
2026-10-02,08:11:08,4951cc,CS-TNL,Airbus A320,TAP Air Portugal,landing,arrivee,725,249.1,90.3,6.69,53.8,3.3,347,
2026-10-02,08:14:06,45ce47,OY-SRG,767 219ERBDSF,Star Air,landing,arrivee,750,219.1,100.5,8.89,65.54,3.3,347,
2026-10-02,08:16:32,346691,EC-NLX,Airbus A321,Vueling,landing,arrivee,800,254.1,91.7,5.8,75.06,3.3,347,
2026-10-02,08:19:35,495277,CS-TSW,Boeing 777-200,Azul,landing,arrivee,750,239.1,94.6,8.08,102.43,3.0,346,
2026-10-02,08:22:05,4cad64,EI-HMY,Boeing 737 MAX 8,Ryanair,landing,arrivee,700,260.8,89.6,5.03,55.45,3.0,346,
2026-10-02,08:25:10,TAP557H,CS-TVN,Airbus A320neo,TAP Air Portugal,landing,arrivee,725,249.8,87.9,5.92,38.65,3.0,346,
2026-10-02,08:27:48,4952d3,CS-TVS,Airbus A321neo,TAP Air Portugal,landing,arrivee,700,244.8,90.5,5.43,36.35,3.0,346,
2026-10-02,08:30:20,4cae9e,EI-IKX,Boeing 737 MAX 8,Ryanair,landing,arrivee,700,267.2,91.9,5.47,38.68,3.0,346,
2026-10-02,08:33:13,4951cb,CS-TNK,Airbus A320,TAP Air Portugal,landing,arrivee,725,233.5,93.2,6.45,65.36,3.0,346,
2026-10-02,08:36:06,ab7613,N838AA,Boeing 787-9,American Airlines,landing,arrivee,700,269.7,91.6,6.49,39.61,2.9,353,
2026-10-02,08:38:53,495148,CS-TJH,Airbus A321,TAP Air Portugal,landing,arrivee,725,269.5,90.8,6.59,77.0,2.9,353,
2026-10-02,08:42:05,39de4e,F-HXSO,Airbus A320neo,Transavia France,cruise,,750,0.0,92.1,5.43,36.1,2.9,353,
2026-10-02,08:56:59,495150,CS-TJP,Airbus A321neo,TAP Air Portugal,cruise,,725,0.0,91.4,6.2,41.95,2.5,352,
2026-10-02,08:59:27,4952c4,CS-TVD,Airbus A320neo,TAP Air Portugal,cruise,,700,0.0,89.4,4.38,42.02,2.5,352,
2026-10-02,09:02:44,ACA812,C-GKUH,Airbus A330-300,Air Canada,landing,arrivee,675,240.0,94.2,8.35,75.63,2.5,352,
2026-10-02,09:07:22,TAP006,CS-TXC,Airbus A321neo,TAP Air Portugal,landing,arrivee,700,258.4,91.6,4.91,38.56,2.2,360,
2026-10-02,09:15:35,406670,G-EZUW,Airbus A320,easyJet,cruise,,775,0.0,93.7,5.28,49.51,2.2,360,
2026-10-02,09:19:16,RYR67UV,EI-DCX,Boeing 737-800,Ryanair,landing,arrivee,650,264.8,93.9,5.44,82.03,2.2,360,
2026-10-02,09:24:53,EZY79RV,G-UZHW,Airbus A320neo,easyJet,landing,arrivee,700,249.1,91.5,5.92,39.68,2.3,18,
2026-10-02,09:31:36,c06e45,C-GPTS,Airbus A330-200,Air Transat,landing,arrivee,700,239.1,93.9,7.44,70.76,2.3,18,
2026-10-02,09:34:19,TAP66PD,CS-TJO,Airbus A321neo,TAP Air Portugal,landing,arrivee,675,264.1,88.5,5.68,37.09,2.3,18,
2026-10-02,09:37:43,4bb268,TC-LSH,Airbus A321neo,Turkish Airlines,landing,arrivee,675,233.2,91.5,7.17,47.01,2.3,39,
2026-10-02,09:43:11,4952a5,CS-TUE,Airbus A330-900neo,TAP Air Portugal,cruise,,700,0.0,92.2,6.96,71.51,2.3,39,
2026-10-02,09:47:17,TAP216L,CS-TXL,Airbus A321neo,TAP Air Portugal,landing,arrivee,700,237.4,89.0,6.2,37.77,2.3,39,
2026-10-02,09:49:24,3981a4,F-HANE,P.180 Avanti II,Oyonnair,landing,arrivee,725,230.0,92.3,9.26,74.84,2.3,39,
2026-10-02,09:52:03,495308,CS-TXH,Airbus A321neo,TAP Air Portugal,landing,arrivee,700,258.4,89.7,4.87,34.66,2.8,50,
2026-10-02,09:55:14,BAW50P,G-TTNZ,Airbus A320neo,British Airways,landing,arrivee,675,231.5,91.3,7.73,42.32,2.8,50,
2026-10-02,09:58:01,TAP036,CS-TOO,Airbus A330-200,TAP Air Portugal,landing,arrivee,675,238.4,94.1,7.78,114.14,2.8,50,
2026-10-02,10:00:38,4d222b,9H-QEO,Boeing 737-800,Malta Air,landing,arrivee,675,258.9,93.1,4.94,81.55,2.8,50,
2026-10-02,10:03:47,TAP1921,CS-TVO,Airbus A320neo,TAP Air Portugal,landing,arrivee,650,233.9,89.2,5.15,41.72,2.8,50,
2026-10-02,10:11:16,RYR668T,EI-IKA,Boeing 737 MAX 8,Ryanair,landing,arrivee,675,267.2,89.4,5.68,45.55,3.1,54,
2026-10-02,10:14:36,49514c,CS-TJL,Airbus A321neo,TAP Air Portugal,landing,arrivee,675,239.1,88.7,5.34,34.84,3.1,54,
2026-10-02,10:17:04,495301,CS-TXA,Airbus A321neo,TAP Air Portugal,landing,arrivee,700,239.8,91.0,5.43,37.28,3.1,54,
2026-10-02,10:19:45,495213,CS-TPS,Embraer E190,TAP Air Portugal,landing,arrivee,650,231.5,88.3,6.92,39.83,3.4,58,
2026-10-02,10:22:31,49530a,CS-TXJ,Airbus A321neo,TAP Air Portugal,landing,arrivee,725,263.2,90.5,4.67,37.1,3.4,58,
2026-10-02,10:25:11,aa6b9d,N77012,Boeing 777-200,United Airlines,landing,arrivee,725,241.5,97.6,8.1,77.52,3.4,58,
2026-10-02,10:27:54,4ca8e8,EI-ENW,Boeing 737-800,Ryanair,landing,arrivee,650,268.2,91.6,5.56,68.84,3.4,58,
2026-10-02,10:30:58,497cde,26903,E390,Portuguese Air Force,landing,arrivee,725,242.4,92.1,7.22,71.51,3.4,58,
2026-10-02,10:34:06,345218,EC-MKL,Boeing 737-800,Air Europa,landing,arrivee,675,258.9,89.0,6.44,70.41,3.4,58,
2026-10-02,10:36:57,c0171a,CA-FITL,Boeing 777-300ER,Air Canada,landing,arrivee,700,265.6,98.1,7.32,109.54,3.4,58,
2026-10-02,10:39:39,4cafc1,EI-GSJ,Boeing 737-800,Ryanair,landing,arrivee,650,267.2,91.3,5.8,54.23,3.4,58,
2026-10-02,10:42:37,TAP11MG,CS-TAX,Embraer E195,TAP Air Portugal,landing,arrivee,650,250.8,90.3,6.2,52.46,3.4,58,
2026-10-02,10:46:14,a88b64,N65LJ,Learjet 60,Jet ICU,landing,arrivee,725,261.5,81.9,1.85,27.86,3.4,58,
2026-10-02,10:49:04,TAP204A,CS-TUR,Airbus A330-900neo,TAP Air Portugal,landing,arrivee,675,246.7,94.2,7.44,63.47,3.4,58,
2026-10-02,10:52:09,TAP13LH,CS-TVJ,Airbus A320neo,TAP Air Portugal,landing,arrivee,675,237.4,87.9,5.83,42.74,3.8,49,
2026-10-02,10:54:41,TAP68JP,CS-TJN,Airbus A321neo,TAP Air Portugal,landing,arrivee,725,239.3,92.2,4.88,45.99,3.8,49,
2026-10-02,10:57:15,RYR3RB,9H-QDO,Boeing 737-800,Malta Air,landing,arrivee,700,268.2,95.4,6.4,66.14,3.8,49,
2026-10-02,11:00:20,TAP088,CS-TUG,Airbus A330-900neo,TAP Air Portugal,landing,arrivee,625,248.4,93.1,8.02,80.06,3.8,49,
2026-10-02,11:07:30,4d00dd,LX-LEC,E295,,landing,arrivee,700,238.2,88.3,4.03,54.77,3.8,49,
2026-10-02,11:09:52,440cc1,OE-LSP,Airbus A320,easyJet Europe,landing,arrivee,675,244.8,89.8,4.26,43.03,3.8,49,
2026-10-02,11:13:01,39e690,F-HZUQ,BD-500-1A11,Air France,landing,arrivee,650,252.4,87.4,5.28,56.36,3.8,49,
2026-10-02,11:15:40,40756d,G-UZHO,Airbus A320neo,easyJet,landing,arrivee,700,262.2,86.5,4.91,34.44,3.8,49,
2026-10-02,11:20:04,AZU8752,PR-AIW,Airbus A330-200,Azul,landing,arrivee,650,243.2,90.6,7.08,51.46,4.1,45,
2026-10-02,11:23:06,TRA55J,PH-YHV,Airbus A321neo,Transavia,landing,arrivee,725,243.2,90.6,5.67,46.86,4.1,45,
2026-10-02,11:26:00,TAP23SL,CS-TUL,Airbus A330-900neo,TAP Air Portugal,landing,arrivee,675,252.4,93.0,7.59,56.97,4.1,45,
2026-10-02,11:28:36,44ce72,OO-SSR,Airbus A319,Brussels Airlines,landing,arrivee,675,250.0,88.8,6.59,39.89,4.1,45,
2026-10-02,11:31:19,TAP262M,CS-TXB,Airbus A321neo,TAP Air Portugal,landing,arrivee,700,263.2,91.3,4.27,34.03,4.1,45,
2026-10-02,11:34:11,TAP028,CS-TUN,Airbus A330-900neo,TAP Air Portugal,landing,arrivee,650,257.2,91.4,7.61,64.08,4.1,45,
2026-10-02,11:37:05,a51601,N427DX,Airbus A330-900neo,Delta Air Lines,landing,arrivee,700,256.5,93.1,7.32,66.37,4.6,45,
2026-10-02,11:40:13,TAP048,CS-TXM,Airbus A321,TAP Air Portugal,landing,arrivee,700,260.8,89.2,5.3,44.57,4.6,45,
2026-10-02,11:43:23,40643d,G-EZUC,Airbus A320,easyJet,landing,arrivee,700,257.2,92.3,5.43,54.37,4.6,45,
2026-10-02,12:00:00,TAP429,CS-TAY,Embraer E195,TAP Air Portugal,landing,arrivee,700,256.5,87.6,6.21,45.18,4.6,45,
2026-10-02,12:05:42,EWG66L,9H-SWC,Airbus A320,Eurowings,landing,arrivee,675,251.5,89.9,6.45,59.87,5.1,45,
2026-10-02,12:08:12,347219,EC-NTA,Airbus A320neo,Iberia,cruise,,750,0.0,87.5,6.32,35.77,5.1,45,
2026-10-02,12:10:48,3c49d5,D-ABNU,Airbus A320,Eurowings,landing,arrivee,700,246.7,93.7,5.93,52.08,5.1,45,
2026-10-02,12:13:21,TAP1902,CS-TNL,Airbus A320,TAP Air Portugal,cruise,,700,0.0,89.5,6.55,54.73,5.1,45,
2026-10-02,12:18:44,4951d8,CS-TNX,Airbus A320,TAP Air Portugal,landing,arrivee,725,259.7,93.4,6.8,64.61,5.1,45,
2026-10-02,12:21:40,896315,A6-ENS,Boeing 777-300ER,Emirates,landing,arrivee,750,276.5,95.8,7.49,68.32,5.4,48,
2026-10-02,12:24:29,EJU56VP,OE-LSK,Airbus A320neo,easyJet Europe,landing,arrivee,725,267.2,88.4,5.94,35.22,5.4,48,
2026-10-02,12:26:57,TVF46JB,F-HUYO,Boeing 737-800,Transavia France,cruise,,725,0.0,95.9,5.17,68.78,5.4,48,
2026-10-02,12:29:41,3c64b0,D-AIEP,Airbus A321,Lufthansa,cruise,,775,0.0,90.7,6.41,46.63,5.4,48,
2026-10-02,12:33:08,49526b,CS-TSK,Airbus A320,Azores Airlines,landing,arrivee,700,244.3,89.3,4.89,38.46,5.4,48,
2026-10-02,12:45:43,495293,CS-TTS,Airbus A319,TAP Air Portugal,landing,arrivee,700,236.7,93.0,6.56,56.44,5.6,50,
2026-10-02,12:49:44,4952c1,CS-TVA,Airbus A320neo,TAP Air Portugal,landing,arrivee,650,241.5,87.4,5.92,44.68,5.6,50,
2026-10-02,12:52:18,440073,OE-LSU,Airbus A320neo,easyJet Europe,landing,arrivee,750,267.2,85.5,5.31,38.08,5.7,55,
2026-10-02,12:55:17,TAP63CT,CS-TPR,Embraer E190,TAP Air Portugal,landing,arrivee,700,256.5,89.4,5.92,40.6,5.7,55,
2026-10-02,13:00:40,3451d6,EC-MKE,ATR 72 500,Swiftair,landing,arrivee,750,188.5,91.5,6.25,35.33,6.2,54,
2026-10-02,13:04:05,4cac85,EI-HGH,Boeing 737 MAX 8,Ryanair,cruise,,725,0.0,92.6,5.03,44.33,6.2,54,
2026-10-02,13:09:45,RZO122,CS-TSG,Airbus A321neo,Azores Airlines,landing,arrivee,775,283.0,90.1,5.44,48.22,6.2,54,
2026-10-02,13:12:59,4951ce,CS-TNN,Airbus A320,TAP Air Portugal,landing,arrivee,750,252.2,93.4,6.07,66.61,6.2,54,
2026-10-02,13:15:40,TAP118,CS-TUB,Airbus A330-900neo,TAP Air Portugal,landing,arrivee,675,272.4,94.0,7.32,73.54,6.2,54,
2026-10-02,13:20:50,4401dc,OE-IZQ,Airbus A320,easyJet Europe,landing,arrivee,725,264.8,92.2,3.93,50.23,6.2,54,
2026-10-02,13:24:03,TAP10VL,CS-TPP,Embraer E190,TAP Air Portugal,landing,arrivee,650,241.5,89.8,5.8,50.49,6.2,54,
2026-10-02,13:27:46,LOT4HT,SP-LVB,Boeing 737 MAX 8,LOT Polish Airlines,landing,arrivee,675,281.3,91.1,5.56,41.28,6.2,54,
2026-10-02,13:30:22,4951d9,CS-TNY,Airbus A320,TAP Air Portugal,cruise,,775,0.0,91.7,5.91,45.16,6.2,54,
2026-10-02,13:33:12,4952cc,CS-TVL,Airbus A320,TAP Air Portugal,landing,arrivee,700,246.7,86.8,6.31,32.71,6.2,54,
2026-10-02,13:35:56,495297,CS-TTW,Embraer E195,TAP Air Portugal,landing,arrivee,700,270.8,88.6,5.41,41.8,6.3,59,
2026-10-02,13:38:29,06a0af,A7-BCK,Boeing 787-8,Qatar Airways,landing,arrivee,750,291.3,88.6,5.43,48.46,6.3,59,
2026-10-02,13:41:24,495214,CS-TPT,Embraer E190,TAP Air Portugal,landing,arrivee,675,246.7,90.7,5.44,45.24,6.3,59,
2026-10-02,13:44:06,4b1806,HB-JCO,C Series 300,Swiss,landing,arrivee,700,259.7,85.4,5.44,35.65,6.3,59,
2026-10-02,13:46:48,495290,CS-TTP,Airbus A319,TAP Air Portugal,landing,arrivee,675,247.2,90.9,7.08,48.2,6.3,59,
2026-10-02,13:49:29,EJU98EV,OE-INE,Airbus A320,easyJet Europe,landing,arrivee,700,271.3,90.8,4.55,49.79,6.3,59,
2026-10-02,13:52:12,DLH47T,D-AIEH,Airbus A321neo,Lufthansa,landing,arrivee,750,271.3,89.5,6.31,43.23,6.1,62,
2026-10-02,13:54:48,49514d,CS-TJM,Airbus A321neo,TAP Air Portugal,cruise,,775,277.8,86.4,5.02,32.76,6.1,62,
2026-10-02,13:57:38,TAP823,CS-TNM,Airbus A320,TAP Air Portugal,landing,arrivee,725,262.8,93.7,7.2,53.91,6.1,62,
2026-10-02,14:00:49,495298,CS-TTX,Embraer E195,TAP Air Portugal,landing,arrivee,725,273.2,90.3,5.84,69.92,6.1,62,
2026-10-02,14:06:58,TAP481,CS-TTZ,Embraer E195,TAP Air Portugal,landing,arrivee,675,273.9,89.0,6.16,47.57,6.1,62,
2026-10-02,14:10:43,TAP11EG,CS-TTY,Embraer E195,TAP Air Portugal,landing,arrivee,700,271.3,92.9,5.03,39.87,6.1,62,
2026-10-02,14:15:59,4952d2,CS-TVR,Airbus A320neo,TAP Air Portugal,cruise,,725,0.0,90.8,4.28,46.68,6.1,62,
2026-10-02,14:18:53,495279,CS-TSY,Airbus A320,Azores Airlines,landing,arrivee,800,245.9,91.6,5.92,57.7,6.1,62,
2026-10-02,14:22:03,4cae98,EI-IKP,Boeing 737 MAX 8,Ryanair,landing,arrivee,700,286.5,89.0,6.08,44.87,6.1,62,
2026-10-02,14:27:08,4951f0,CS-TOP,Airbus A330-200,TAP Air Portugal,landing,arrivee,700,269.7,94.4,9.21,79.0,6.1,62,
2026-10-02,14:30:01,TAP88TM,CS-TJS,Airbus A321neo,TAP Air Portugal,cruise,,800,0.0,90.0,5.31,47.54,6.1,62,
2026-10-02,14:33:01,495216,CS-TPV,Embraer E190,TAP Air Portugal,landing,arrivee,650,243.2,90.5,5.44,40.15,6.1,62,
2026-10-02,14:35:48,020163,CN-TMB,125 800XP,Air Ocean Maroc,landing,arrivee,675,253.9,88.1,3.74,28.45,5.8,60,
2026-10-02,14:39:14,KLM97N,PH-AXF,Airbus A321neo,KLM,landing,arrivee,825,264.1,91.1,5.55,37.3,5.8,60,
2026-10-02,14:42:02,TAP471A,CS-TPZ,Embraer E190,TAP Air Portugal,landing,arrivee,675,249.1,89.8,5.44,45.25,5.8,60,
2026-10-02,14:44:34,4ca4f4,EI-DPP,Boeing 737-800,Ryanair,landing,arrivee,725,291.3,92.0,6.6,86.36,5.8,60,
2026-10-02,14:47:33,TAP1013,CS-TNK,Airbus A320,TAP Air Portugal,landing,arrivee,700,268.9,91.9,6.45,55.45,5.8,60,
2026-10-02,14:50:14,EZY35DC,G-EZGR,Airbus A319,easyJet,landing,arrivee,775,250.0,90.5,6.4,68.23,5.8,60,
2026-10-02,14:52:54,SWR2BK,HB-JPF,Airbus A321neo,Swiss,landing,arrivee,750,288.9,87.4,5.54,44.89,5.8,60,
2026-10-02,14:55:42,4952c2,CS-TVB,Airbus A320neo,TAP Air Portugal,landing,arrivee,750,256.5,88.5,5.39,42.35,5.8,60,
2026-10-02,14:58:47,497cde,26903,E390,Portuguese Air Force,landing,arrivee,775,241.5,89.4,6.4,46.73,5.8,60,
2026-10-02,15:01:24,4952d0,CS-TVP,Airbus A320neo,TAP Air Portugal,landing,arrivee,750,260.8,92.7,5.03,42.74,5.8,60,
2026-10-02,15:04:13,AFR37EQ,F-HEPA,Airbus A320,Air France,landing,arrivee,725,276.3,92.1,5.59,64.58,5.8,60,
2026-10-02,15:11:14,TAP1860,CS-TUQ,Airbus A330-900neo,TAP Air Portugal,landing,arrivee,725,278.2,94.0,8.08,63.44,5.5,58,
2026-10-02,15:14:27,495215,CS-TPU,Embraer E190,TAP Air Portugal,landing,arrivee,675,254.8,89.3,5.64,48.17,5.5,58,
2026-10-02,15:17:01,495218,CS-TPX,Embraer E190,TAP Air Portugal,landing,arrivee,700,253.2,91.0,5.92,40.47,5.5,58,
2026-10-02,15:19:24,344459,EC-LVR,Boeing 737-800,Air Europa,landing,arrivee,775,283.0,90.8,6.12,67.33,5.5,58,
2026-10-02,15:22:05,TAP1143,CS-TNW,Airbus A320,TAP Air Portugal,landing,arrivee,800,265.6,90.8,6.48,62.37,5.0,60,
2026-10-02,15:24:57,40792f,G-TTNL,Airbus A320neo,British Airways,landing,arrivee,725,258.9,88.0,4.8,43.5,5.0,60,
2026-10-02,15:27:06,495219,CS-TPY,Embraer E190,TAP Air Portugal,landing,arrivee,750,250.8,89.7,4.39,42.75,5.0,60,
2026-10-02,15:30:06,3c65e1,D-AIOA,Airbus A321neo,Lufthansa,landing,arrivee,775,271.3,90.4,6.56,52.15,5.0,60,
2026-10-02,15:32:41,495217,CS-TPW,Embraer E190,TAP Air Portugal,landing,arrivee,675,257.2,88.8,5.68,50.46,5.0,60,
2026-10-02,15:35:07,342592,EC-KJD,Airbus A320,Vueling,landing,arrivee,825,287.2,90.7,5.92,45.83,4.3,66,
2026-10-02,15:37:50,4403a7,OE-DWW,172S Skyhawk SP,easyJet Europe,landing,arrivee,750,277.2,88.0,5.71,43.05,4.3,66,
2026-10-02,15:40:25,THY4GH,TC-LSR,Airbus A321neo,Turkish Airlines,landing,arrivee,750,267.2,89.7,6.08,55.43,4.3,66,
2026-10-02,15:42:10,345041,EC-MHA,Airbus A321,Vueling,landing,arrivee,725,278.9,89.3,5.43,43.94,4.3,66,
2026-10-02,15:44:13,502d29,YL-AAY,A220 300,Air Baltic,landing,arrivee,700,271.3,88.4,4.82,35.38,4.3,66,
2026-10-02,15:46:16,TAP9300,CS-TUJ,Airbus A330-900neo,TAP Air Portugal,landing,arrivee,825,257.2,91.2,7.08,48.82,4.3,66,
2026-10-02,15:48:50,FIN96W,OH-LZG,Airbus A321,Finnair,landing,arrivee,725,291.3,88.6,5.47,42.44,4.3,66,
2026-10-02,15:50:59,4c01f3,YU-APT,Airbus A320,,landing,arrivee,750,263.2,90.8,5.92,37.35,3.5,66,
2026-10-02,15:53:37,TAP016,CS-TXD,Airbus A321neo,TAP Air Portugal,landing,arrivee,725,258.9,91.6,5.03,37.03,3.5,66,
2026-10-02,15:56:57,TAP669,CS-TJK,Airbus A321neo,TAP Air Portugal,landing,arrivee,725,286.1,89.5,4.9,38.93,3.5,66,
2026-10-02,15:59:40,TAP90EH,CS-TVK,Airbus A320neo,TAP Air Portugal,landing,arrivee,775,263.2,88.7,5.54,44.32,3.5,66,
2026-10-02,16:02:40,4952a4,CS-TUD,Airbus A330-900neo,TAP Air Portugal,landing,arrivee,725,268.0,92.7,7.57,69.67,3.5,66,
2026-10-02,16:05:09,TAP75CH,CS-TNR,Airbus A320,TAP Air Portugal,landing,arrivee,700,276.3,91.9,4.83,57.93,3.0,76,
2026-10-02,16:08:17,4952c6,CS-TVF,Airbus A320neo,TAP Air Portugal,landing,arrivee,775,253.0,88.9,4.68,45.94,3.0,76,
2026-10-02,16:11:02,345583,EC-MSB,Bombardier CRJ-1000,Air Nostrum,landing,arrivee,775,268.7,89.5,4.52,26.12,3.0,76,
2026-10-02,16:13:42,TAP71VE,CS-TJR,Airbus A321neo,TAP Air Portugal,landing,arrivee,725,292.1,86.2,5.51,40.0,3.0,76,
2026-10-02,16:16:23,4951d5,CS-TNU,Airbus A320,TAP Air Portugal,landing,arrivee,725,263.2,93.1,5.15,70.36,3.0,76,
2026-10-02,16:19:06,TAP1241,,,TAP Air Portugal,landing,arrivee,725,257.2,90.6,5.91,35.39,3.0,76,
2026-10-02,16:21:48,4952cd,CS-TVM,Airbus A320neo,TAP Air Portugal,landing,arrivee,775,249.8,91.5,5.92,37.47,2.5,90,
2026-10-02,16:24:21,4951d6,CS-TNV,Airbus A320,TAP Air Portugal,cruise,,800,0.0,90.7,5.92,55.75,2.5,90,
2026-10-02,16:27:17,495039,CS-TAY,Embraer E195,TAP Air Portugal,landing,arrivee,700,269.7,88.3,5.68,43.23,2.5,90,
2026-10-02,16:29:49,4952ce,CS-TVN,Airbus A320neo,TAP Air Portugal,landing,arrivee,700,268.2,86.8,4.56,44.78,2.5,90,
2026-10-02,16:32:35,495309,CS-TXI,Airbus A321neo,TAP Air Portugal,landing,arrivee,750,273.2,87.4,5.39,35.66,2.3,108,
2026-10-02,16:34:43,TAP10NL,CS-TPS,Embraer E190,TAP Air Portugal,landing,arrivee,675,243.9,90.6,4.91,54.44,2.3,108,
2026-10-02,16:36:46,RYR5KT,EI-GSJ,Boeing 737-800,Ryanair,landing,arrivee,775,281.3,93.1,5.95,70.1,2.3,108,
2026-10-02,16:42:01,495150,CS-TJP,Airbus A321neo,TAP Air Portugal,landing,arrivee,775,279.7,91.4,4.79,39.42,2.3,108,
2026-10-02,16:53:41,9HGMF,9H-GMF,Airbus H145,Gulf Med Aviation Services,helicopter,helicopter,750,164.5,77.1,1.85,18.19,2.3,162,
2026-10-02,16:57:29,4952d3,CS-TVS,Airbus A321neo,TAP Air Portugal,cruise,,800,244.5,87.8,5.99,34.12,2.3,162,
2026-10-02,16:59:29,TAP1929,CS-TXE,Airbus A321neo,TAP Air Portugal,landing,arrivee,775,253.9,90.9,4.91,38.12,2.3,162,
2026-10-02,17:02:12,TAP1824,CS-TJO,Airbus A321neo,TAP Air Portugal,landing,arrivee,775,282.4,90.3,4.92,39.74,2.2,189,
2026-10-02,17:04:53,TAP298,CS-TUK,Airbus A330-900neo,TAP Air Portugal,landing,arrivee,750,268.9,92.6,7.09,67.01,2.2,189,
2026-10-02,17:07:36,495145,CS-TJE,Airbus A321,TAP Air Portugal,landing,arrivee,750,274.1,91.3,6.69,55.07,2.2,189,
2026-10-02,17:10:14,3c6490,D-AIDP,Airbus A321,Eurowings,landing,arrivee,775,268.9,92.4,4.27,47.76,2.2,189,
2026-10-02,17:13:14,RYR55AR,9H-VUF,Boeing 737 MAX 8,Malta Air,landing,arrivee,700,273.9,94.2,5.02,37.64,2.2,189,
2026-10-02,17:17:21,4951d8,CS-TNX,Airbus A320,TAP Air Portugal,landing,arrivee,800,250.4,91.2,6.53,64.23,1.9,248,
2026-10-02,17:21:36,NJE061G,CS-CHM,Challenger 350,NetJets,landing,arrivee,1025,226.7,84.6,2.5,20.9,1.9,248,
2026-10-02,17:27:20,48520b,PH-HXC,Boeing 737-800,Transavia,cruise,,775,0.0,93.8,5.83,74.28,1.9,248,
2026-10-02,17:30:51,9HGMF,9H-GMF,Airbus H145,Gulf Med Aviation Services,helicopter,helicopter,725,165.0,71.2,0.48,18.2,3.9,292,
2026-10-02,17:33:26,4952c9,CS-TVI,Airbus A320neo,TAP Air Portugal,landing,arrivee,750,239.1,87.0,5.79,35.7,3.9,292,
2026-10-02,17:35:52,4d2302,9H-VUD,Boeing 737 MAX 8,Malta Air,takeoff,depart,1050,285.8,80.0,1.62,38.68,3.9,292,
2026-10-02,17:38:59,SWR36K,,,Swiss,landing,arrivee,750,250.8,86.0,5.44,35.42,3.9,292,
2026-10-02,17:41:30,RYR9PX,EI-DYC,Boeing 737-800,Ryanair,landing,arrivee,750,281.3,92.9,5.31,69.31,3.9,292,
2026-10-02,17:44:18,3985a4,F-HBNE,Airbus A320,Air France,landing,arrivee,750,246.7,92.1,6.91,61.56,3.9,292,
2026-10-02,17:46:58,FRF141,HA-KAW,ATR 72 202F,Fleet Air International,landing,arrivee,800,227.4,93.7,6.07,41.57,6.4,308,
2026-10-02,17:49:37,4d2302,9H-VUD,Boeing 737 MAX 8,Malta Air,landing,arrivee,750,274.1,91.4,5.31,44.03,6.4,308,
2026-10-02,17:52:13,RAM982,,,Royal Air Maroc,landing,arrivee,750,267.2,89.7,5.92,45.24,6.4,308,
2026-10-02,17:54:25,3964e1,F-GZHB,Boeing 737-800,Transavia France,landing,arrivee,800,279.3,92.4,5.95,72.37,6.4,308,
2026-10-02,17:57:39,EJU69VE,OE-LSK,Airbus A320neo,easyJet Europe,landing,arrivee,725,241.5,89.0,6.44,46.26,6.4,308,
2026-10-02,18:00:16,TAP643,CS-TVO,Airbus A320neo,TAP Air Portugal,landing,arrivee,675,239.3,89.5,5.44,37.52,8.4,313,
2026-10-02,18:02:45,4ca27b,EI-DHR,Boeing 737-800,Ryanair,landing,arrivee,750,275.6,97.5,5.92,90.06,8.4,313,
2026-10-02,18:05:52,MMZ352,D-AUSC,Airbus A340-300,EuroAtlantic Airways,landing,arrivee,750,249.1,93.4,6.35,62.76,8.4,313,
2026-10-02,18:09:40,RYR98HW,EI-IFV,Boeing 737 MAX 8,Ryanair,landing,arrivee,750,274.1,92.4,4.85,44.29,8.4,313,
2026-10-02,18:12:33,4952d1,CS-TVQ,Airbus A320neo,TAP Air Portugal,landing,arrivee,750,258.7,90.1,4.42,32.55,8.4,313,
2026-10-02,18:15:15,4952c8,CS-TVH,Airbus A320neo,TAP Air Portugal,cruise,,775,0.0,89.6,4.95,44.63,9.2,318,
2026-10-02,18:17:53,VLG9QY,EC-MAI,Airbus A320,Vueling,landing,arrivee,725,246.7,91.3,6.31,56.19,9.2,318,
2026-10-02,18:20:37,495297,CS-TTW,Embraer E195,TAP Air Portugal,landing,arrivee,675,274.8,89.5,4.83,49.86,9.2,318,
2026-10-02,18:24:37,495154,,,TAP Air Portugal,landing,arrivee,825,248.0,92.0,5.54,38.22,9.2,318,
2026-10-02,18:27:35,4b0274,HB-AYE,Airbus A320neo,easyJet Switzerland,landing,arrivee,775,263.2,92.9,4.78,52.45,9.2,318,
2026-10-02,18:30:24,4d2290,9H-QCM,Boeing 737-800,Malta Air,landing,arrivee,700,276.5,91.2,5.56,74.9,9.5,323,
2026-10-02,18:33:10,IBE05RP,EC-IZR,Airbus A320,Iberia,landing,arrivee,725,252.8,91.6,6.46,49.6,9.5,323,
2026-10-02,18:35:50,4867c2,PH-AXG,Airbus A321neo,KLM,landing,arrivee,800,247.2,90.2,4.84,40.72,9.5,323,
2026-10-02,18:38:36,4402f0,OE-INO,Airbus A320,easyJet Europe,landing,arrivee,800,254.8,88.4,6.56,59.88,9.5,323,
2026-10-02,18:41:38,49521a,CS-TPZ,Embraer E190,TAP Air Portugal,landing,arrivee,700,243.2,88.0,5.55,45.75,9.5,323,
2026-10-02,18:50:10,39ceac,F-HTVM,Boeing 737-800,Transavia France,cruise,,775,0.0,93.7,5.7,65.16,9.6,326,
2026-10-02,18:53:21,495211,CS-TPQ,Embraer E190,TAP Air Portugal,landing,arrivee,725,236.7,89.3,5.59,36.78,9.6,326,
2026-10-02,18:55:58,44cdc5,OO-SNE,Airbus A320,Brussels Airlines,landing,arrivee,725,257.2,92.0,8.01,55.74,9.6,326,
2026-10-02,18:59:35,4952c1,CS-TVA,Airbus A320neo,TAP Air Portugal,landing,arrivee,850,257.2,92.5,5.44,44.94,9.6,326,
2026-10-02,19:05:12,495214,CS-TPT,Embraer E190,TAP Air Portugal,cruise,,725,0.0,88.2,6.48,35.53,8.9,328,
2026-10-02,19:10:31,4d211f,9H-GMF,Airbus H145,Gulf Med Aviation Services,helicopter,helicopter,600,174.1,63.3,0.0,18.53,8.9,328,
2026-10-02,19:15:04,49526b,CS-TSK,Airbus A320,Azores Airlines,landing,arrivee,750,270.8,86.8,4.82,37.7,8.9,328,
2026-10-02,19:17:58,AEA1157,EC-MJU,Boeing 737-800,Air Europa,landing,arrivee,700,270.0,93.3,5.7,64.23,8.2,331,
2026-10-02,19:20:47,TAP825,CS-TTR,Airbus A319,TAP Air Portugal,landing,arrivee,800,253.2,90.2,5.96,40.33,8.2,331,
2026-10-02,19:23:37,UAE5M,A6-EPH,Boeing 777-300ER,Emirates,landing,arrivee,750,268.9,98.5,8.03,109.23,8.2,331,
2026-10-02,19:26:17,VLG5YW,EC-OFZ,Airbus A320,Vueling,cruise,,800,0.0,90.8,6.28,60.38,8.2,331,
2026-10-02,19:29:09,4d2427,9H-WAS,Airbus A321,Lauda Europe,landing,arrivee,800,244.8,91.3,5.49,41.07,8.2,331,
2026-10-02,19:31:44,RYR21WA,SP-RZX,Boeing 737 MAX 8,Buzz,landing,arrivee,725,274.8,92.4,4.75,61.01,7.7,332,
2026-10-02,19:34:38,44061d,OE-LQQ,Airbus A319,easyJet Europe,landing,arrivee,750,245.6,92.3,7.34,55.02,7.7,332,
2026-10-02,19:37:32,TAP671,CS-TXJ,Airbus A321neo,TAP Air Portugal,landing,arrivee,725,261.5,88.7,4.81,38.05,7.7,332,
2026-10-02,19:43:14,495038,CS-TAX,Embraer E195,TAP Air Portugal,landing,arrivee,600,267.2,89.7,6.38,57.33,7.7,332,
2026-10-02,19:46:30,495148,CS-TJH,Airbus A321,TAP Air Portugal,cruise,,750,0.0,95.4,7.02,63.73,7.1,336,
2026-10-02,19:50:44,4ca242,EI-DCL,Boeing 737-800,Ryanair,landing,arrivee,725,268.0,95.2,5.32,67.02,7.1,336,
2026-10-02,19:53:48,TAP69UX,CS-TVJ,Airbus A320neo,TAP Air Portugal,landing,arrivee,750,240.8,91.0,5.88,40.78,7.1,336,
2026-10-02,19:56:37,440582,OE-LKF,Airbus A319,easyJet Europe,landing,arrivee,750,230.8,93.1,6.63,61.49,7.1,336,
2026-10-02,19:59:16,TAP94VA,CS-TTS,Airbus A319,TAP Air Portugal,landing,arrivee,750,243.2,90.2,5.93,53.89,7.1,336,
2026-10-02,20:02:00,TRA951N,PH-YHF,Airbus A321neo,Transavia,landing,arrivee,775,237.6,90.8,7.27,37.01,6.6,338,
2026-10-02,20:04:47,345692,EC-MXY,Airbus A320neo,Iberia,landing,arrivee,725,234.3,91.6,7.3,36.02,6.6,338,
2026-10-02,20:07:33,405b64,G-EZDK,Airbus A319,easyJet,landing,arrivee,750,243.9,89.0,5.45,51.22,6.6,338,
2026-10-02,20:10:16,0900bb,D2-TEG,Boeing 777-300ER,TAAG Angola Airlines,landing,arrivee,775,260.8,96.3,7.66,112.69,6.6,338,
2026-10-02,20:12:59,TAP835,CS-TJN,Airbus A321neo,TAP Air Portugal,landing,arrivee,825,250.8,88.9,4.92,38.51,6.6,338,
2026-10-02,20:15:53,406670,G-EZUW,Airbus A320,easyJet,landing,arrivee,750,253.2,93.6,6.39,52.89,6.2,339,
2026-10-02,20:18:28,3c56f5,D-AEWU,Airbus A320,Eurowings,landing,arrivee,775,241.5,88.5,6.24,49.35,6.2,339,
2026-10-02,20:19:58,9HGMF,9H-GVA,GL5T,,takeoff,depart,975,116.3,50.2,0.0,20.73,6.2,339,
2026-10-02,20:24:17,495218,CS-TPX,Embraer E190,TAP Air Portugal,landing,arrivee,700,236.7,91.8,5.86,52.36,6.2,339,
2026-10-02,20:29:05,71c081,HL8081,Boeing 787-9,Korean Air,landing,arrivee,725,257.2,93.7,6.47,56.78,6.2,339,
2026-10-02,20:32:34,495210,CS-TPP,Embraer E190,TAP Air Portugal,cruise,,700,0.0,90.9,5.79,39.24,5.8,338,
2026-10-02,20:35:13,VLG8UE,EC-MVE,Airbus A320,Vueling,landing,arrivee,750,242.4,87.8,5.73,35.55,5.8,338,
2026-10-02,20:50:24,RYR24SE,EI-HGH,Boeing 737 MAX 8,Ryanair,landing,arrivee,675,268.9,89.5,5.33,55.13,5.5,337,
2026-10-02,20:55:10,495298,CS-TTX,Embraer E195,TAP Air Portugal,landing,arrivee,700,245.6,90.8,4.83,67.43,5.5,337,
2026-10-02,20:58:00,4951cc,CS-TNL,Airbus A320,TAP Air Portugal,landing,arrivee,700,253.9,88.5,5.89,49.19,5.5,337,
2026-10-02,21:05:12,TAP877,CS-TPR,Embraer E190,TAP Air Portugal,landing,arrivee,675,232.4,89.6,5.44,48.68,5.2,335,
2026-10-02,21:08:48,WMT6155,HA-LTA,Airbus A321,Wizz Air,landing,arrivee,675,254.8,92.4,4.95,51.26,5.2,335,
2026-10-02,21:14:40,49529a,CS-TTZ,Embraer E195,TAP Air Portugal,landing,arrivee,700,247.6,89.2,4.8,46.6,5.2,335,
2026-10-02,21:17:16,4951ce,CS-TNN,Airbus A320,TAP Air Portugal,landing,arrivee,700,242.4,88.4,6.84,48.7,4.7,328,
2026-10-02,21:20:27,RZO134,CS-TSI,Airbus A321neo,Azores Airlines,landing,arrivee,425,269.7,56.3,0.0,25.17,4.7,328,
2026-10-02,21:22:47,GLO7020,EC-MAJ,Airbus A330-200,Jet2,landing,arrivee,750,240.8,92.8,7.54,55.94,4.7,328,
2026-10-02,21:25:35,TAP37CN,CS-TPU,Embraer E190,TAP Air Portugal,landing,arrivee,675,239.1,90.5,5.88,54.12,4.7,328,
2026-10-02,21:28:03,4952d2,CS-TVR,Airbus A320neo,TAP Air Portugal,cruise,,725,0.0,88.9,5.75,42.5,4.7,328,
2026-10-02,21:30:51,PGT1561,TC-NCG,Airbus A320neo,Pegasus,landing,arrivee,725,219.1,88.7,5.72,38.37,4.3,318,
2026-10-02,21:33:28,49514c,CS-TJL,Airbus A321neo,TAP Air Portugal,landing,arrivee,725,258.9,90.3,5.31,42.52,4.3,318,
2026-10-02,21:36:13,VOE54GD,EC-NQM,Airbus A320,Volotea,landing,arrivee,650,243.2,89.9,5.81,64.92,4.3,318,
2026-10-02,21:38:48,4952cc,CS-TVL,Airbus A320,TAP Air Portugal,landing,arrivee,675,247.2,86.1,5.19,46.72,4.3,318,
2026-10-02,21:41:24,EIN4PT,EI-DEO,Airbus A320,Aer Lingus,landing,arrivee,700,254.8,94.1,6.24,67.65,4.3,318,
2026-10-02,21:44:14,RZO152,CS-TKP,Airbus A320,Azores Airlines,landing,arrivee,700,252.4,91.7,5.36,45.64,4.3,318,
2026-10-02,21:46:45,4cafc1,EI-GSJ,Boeing 737-800,Ryanair,landing,arrivee,700,262.4,93.8,5.32,60.04,4.3,312,
2026-10-02,21:49:24,495299,CS-TTY,Embraer E195,TAP Air Portugal,landing,arrivee,675,248.4,91.0,5.43,54.8,4.3,312,
2026-10-02,21:51:59,RYR76WW,EI-IHP,Boeing 737 MAX 8,Ryanair,landing,arrivee,700,250.0,91.1,5.21,42.37,4.3,312,
2026-10-02,21:54:33,4d2224,9H-QAR,Boeing 737-800,Malta Air,cruise,,725,0.0,92.1,6.73,67.2,4.3,312,
2026-10-02,21:56:58,495216,CS-TPV,Embraer E190,TAP Air Portugal,cruise,,675,222.2,91.1,6.47,62.35,4.3,312,
2026-10-02,21:58:37,WMT537,9H-WNG,Airbus A321neo,Lauda Europe,landing,arrivee,700,226.7,91.3,6.22,43.22,4.3,312,
2026-10-02,22:00:29,RYR7GJ,EI-IKS,Boeing 737 MAX 8,Ryanair,landing,arrivee,675,258.4,89.5,5.32,49.96,4.1,308,
2026-10-02,22:03:07,MMZ102P,EC-OCT,Airbus A321,EuroAtlantic Airways,landing,arrivee,750,222.6,88.4,6.48,39.77,4.1,308,
2026-10-02,22:04:49,495290,CS-TTP,Airbus A319,TAP Air Portugal,landing,arrivee,800,228.2,89.4,6.94,59.59,4.1,308,
2026-10-02,22:07:00,407567,G-UZHM,Airbus A320neo,easyJet,landing,arrivee,700,244.8,87.6,4.91,51.67,4.1,308,
2026-10-02,22:08:55,TAP7EN,CS-TVD,Airbus A320neo,TAP Air Portugal,landing,arrivee,675,222.6,88.8,6.47,39.53,4.1,308,
2026-10-02,22:10:20,347350,EC-NYD,Airbus A321,Vueling,landing,arrivee,750,219.5,90.5,6.06,52.36,4.1,308,
2026-10-02,22:12:53,TVF34QV,F-GZHJ,Boeing 737-800,Transavia France,landing,arrivee,700,253.2,91.3,5.94,69.66,4.1,308,
2026-10-02,22:15:32,TAP1933,CS-TTW,Embraer E195,TAP Air Portugal,landing,arrivee,675,236.7,86.7,5.58,50.37,4.3,312,
2026-10-02,22:18:10,TAP827V,CS-TNM,Airbus A320,TAP Air Portugal,landing,arrivee,650,256.5,91.3,6.11,51.88,4.3,312,
2026-10-02,22:20:47,WJA32,CA-GWJN,177B,WestJet,landing,arrivee,675,234.8,90.9,5.96,53.29,4.3,312,
2026-10-02,22:22:17,DLH34J,D-AIEP,Airbus A321,Lufthansa,landing,arrivee,750,230.8,91.3,6.73,54.58,4.3,312,
2026-10-02,22:23:53,392ae8,F-GKXI,Airbus A320,Air France,cruise,,975,0.0,91.8,6.35,62.58,4.3,312,
2026-10-02,22:26:43,TAP1243,CS-TNY,Airbus A320,TAP Air Portugal,landing,arrivee,650,249.1,94.0,6.18,59.56,4.3,312,
2026-10-02,22:28:17,TAP837,CS-TJM,Airbus A321neo,TAP Air Portugal,landing,arrivee,700,236.7,89.2,4.76,38.45,4.3,312,
2026-10-02,22:32:53,TAP21MM,CS-TPW,Embraer E190,TAP Air Portugal,landing,arrivee,625,214.1,87.9,5.94,40.34,4.3,318,
2026-10-02,22:34:44,4952d0,CS-TVP,Airbus A320neo,TAP Air Portugal,cruise,,725,0.0,89.2,7.08,39.15,4.3,318,
2026-10-02,22:37:09,4952c2,CS-TVB,Airbus A320neo,TAP Air Portugal,landing,arrivee,750,235.9,87.3,4.29,45.79,4.3,318,
2026-10-02,22:38:59,440d10,OE-IBS,Airbus A320,easyJet Europe,landing,arrivee,700,249.1,89.5,6.05,62.95,4.3,318,
2026-10-02,22:42:14,46a5e7,SX-IOG,Airbus A320neo,Sky Express,landing,arrivee,700,215.9,88.3,6.62,35.49,4.3,318,
2026-10-02,22:44:42,49514a,CS-TJJ,Airbus A321neo,TAP Air Portugal,landing,arrivee,725,250.0,90.1,4.94,39.63,4.3,318,
2026-10-02,22:46:51,DLH64P,D-AIEC,Airbus A321neo,Lufthansa,landing,arrivee,725,242.4,88.1,6.47,44.54,4.4,325,
2026-10-02,22:49:49,4951cb,CS-TNK,Airbus A320,TAP Air Portugal,cruise,,725,0.0,89.0,6.18,54.31,4.4,325,
2026-10-02,22:52:20,46b82b,SX-NAK,Airbus A321,Aegean Airlines,landing,arrivee,775,226.7,93.3,6.6,64.13,4.4,325,
2026-10-02,22:55:04,486898,PH-AXM,Airbus A321neo,KLM,landing,arrivee,725,229.1,88.4,5.95,43.36,4.4,325,
2026-10-02,22:57:52,3964f0,F-GZHQ,Boeing 737-800,Transavia France,landing,arrivee,700,249.1,90.4,5.94,86.87,4.4,325,
2026-10-02,23:00:40,TAP64M,CS-TJR,Airbus A321neo,TAP Air Portugal,landing,arrivee,700,230.8,89.3,5.74,43.33,4.7,328,
2026-10-02,23:03:30,4403a7,OE-DWW,172S Skyhawk SP,easyJet Europe,landing,arrivee,700,264.8,89.0,4.92,41.91,4.7,328,
2026-10-02,23:05:48,TAY5VA,OE-IXC,Boeing 737-800,ASL Airlines Belgium,landing,arrivee,625,216.7,89.0,6.71,55.18,4.7,328,
2026-10-02,23:08:20,TAP43RY,CS-TNW,Airbus A320,TAP Air Portugal,landing,arrivee,700,251.5,89.0,5.56,52.5,4.7,328,
2026-10-02,23:09:48,RYR9QJ,EI-EXF,Boeing 737-800,Ryanair,landing,arrivee,650,249.1,93.8,6.04,79.67,4.7,328,
2026-10-02,23:11:44,4075fe,G-NEOS,Airbus A321neo,British Airways,cruise,,725,0.0,86.9,6.03,45.17,4.7,328,
2026-10-02,23:14:35,34134d,EC-HUH,Airbus A321,Iberia,landing,arrivee,725,249.1,92.2,6.97,54.97,4.7,328,
2026-10-02,23:16:53,4cae98,EI-IKP,Boeing 737 MAX 8,Ryanair,landing,arrivee,675,292.1,89.9,4.31,46.15,4.7,328,
2026-10-02,23:19:48,4b1699,HB-ION,Airbus A321,Swiss,cruise,,675,259.3,94.1,5.94,87.88,4.7,328,
2026-10-02,23:22:53,EJU36BG,OE-LSP,Airbus A320,easyJet Europe,landing,arrivee,700,250.8,88.7,4.39,39.68,4.7,328,
2026-10-02,23:24:47,49514f,CS-TJO,Airbus A321neo,TAP Air Portugal,landing,arrivee,700,255.6,90.2,4.8,44.95,4.7,328,
2026-10-02,23:28:01,4d211c,9H-IRI,C56X,,cruise,,750,69.1,53.9,0.0,24.53,4.7,328,
2026-10-02,23:31:17,TAP35MT,CS-TNQ,Airbus A320,TAP Air Portugal,landing,arrivee,525,234.8,88.1,5.39,49.38,4.5,331,
2026-10-02,23:32:43,DLH23C,D-AISP,Airbus A321,Lufthansa,landing,arrivee,450,264.8,90.9,3.14,52.35,4.5,331,
2026-10-02,23:35:22,4bb283,TC-LTC,Airbus A321neo,Turkish Airlines,landing,arrivee,700,233.2,91.7,5.42,55.59,4.5,331,
2026-10-02,23:58:06,495213,CS-TPS,Embraer E190,TAP Air Portugal,landing,arrivee,700,219.8,86.7,3.79,33.64,4.0,333,
2026-10-03,00:00:08,9HGME,9H-IRI,C56X,,cruise,,425,30.7,56.3,0.0,27.07,4.0,333,
2026-10-03,00:58:55,TAP39PT,CS-TVS,Airbus A321neo,TAP Air Portugal,landing,arrivee,675,224.3,90.2,6.61,43.16,3.7,349,
2026-10-03,01:02:16,9HGME,9H-GME,Airbus H145,Gulf Med Aviation Services,helicopter,helicopter,875,134.1,67.2,0.0,24.65,4.0,355,
2026-10-03,01:27:20,9HGME,9H-GME,Airbus H145,Gulf Med Aviation Services,helicopter,helicopter,425,2.2,67.1,0.0,25.57,3.6,354,
2026-10-03,01:40:18,49526b,CS-TSK,Airbus A320,Azores Airlines,landing,arrivee,725,256.5,85.5,4.91,35.89,3.7,349,
2026-10-03,01:44:56,RYR63TC,EI-DHR,Boeing 737-800,Ryanair,landing,arrivee,575,264.8,95.8,6.08,65.15,3.7,349,
2026-10-03,02:24:52,WZZ84UJ,9H-WDS,Airbus A321,Wizz Air,landing,arrivee,725,237.4,89.8,5.14,53.07,2.9,353,
2026-10-03,04:46:10,TAP232Y,CS-TXG,Airbus A321neo,TAP Air Portugal,landing,arrivee,750,273.2,89.2,4.76,46.48,1.8,90,
2026-10-03,04:56:32,TAP202A,CS-TXA,Airbus A321neo,TAP Air Portugal,landing,arrivee,750,274.8,90.8,5.8,43.39,1.8,90,
2026-10-03,04:59:50,4952ad,CS-TUM,Airbus A330-900neo,TAP Air Portugal,landing,arrivee,625,270.8,92.1,7.22,64.54,1.8,90,
2026-10-03,05:07:53,495306,CS-TXF,Airbus A321neo,TAP Air Portugal,landing,arrivee,725,268.0,90.5,4.66,42.86,1.8,79,
2026-10-03,05:10:19,TAP224,CS-TUO,Airbus A330-900neo,TAP Air Portugal,landing,arrivee,725,259.7,92.0,7.43,70.76,1.8,79,
2026-10-03,05:12:55,495308,CS-TXH,Airbus A321neo,TAP Air Portugal,landing,arrivee,725,270.4,90.9,5.44,42.35,1.8,79,
2026-10-03,05:17:35,TAP074,CS-TUF,Airbus A330-900neo,TAP Air Portugal,landing,arrivee,725,258.9,93.6,7.6,60.74,1.8,53,
2026-10-03,05:26:03,TAP218,CS-TXL,Airbus A321neo,TAP Air Portugal,landing,arrivee,750,241.5,89.1,5.91,38.34,1.8,53,
2026-10-03,05:53:52,TAP1550,CS-TVM,Airbus A320neo,TAP Air Portugal,landing,arrivee,700,235.6,87.4,5.3,43.43,2.5,360,
2026-10-03,05:57:19,TAP1937,CS-TVF,Airbus A320neo,TAP Air Portugal,landing,arrivee,700,230.8,87.8,5.83,40.8,2.5,360,
2026-10-03,06:02:14,4952cb,CS-TVK,Airbus A320neo,TAP Air Portugal,landing,arrivee,725,230.0,89.8,5.42,45.91,3.3,354,
2026-10-03,06:04:22,TAP96AW,CS-TJH,Airbus A321,TAP Air Portugal,landing,arrivee,700,253.9,91.4,8.2,88.52,3.3,354,
2026-10-03,06:07:04,TAP1544,CS-TVH,Airbus A320neo,TAP Air Portugal,landing,arrivee,750,225.8,88.2,5.32,37.22,3.3,354,
2026-10-03,06:10:10,c078ba,C-GTSR,Airbus A330-200,Air Transat,landing,arrivee,725,235.9,94.2,8.21,50.56,3.3,354,
2026-10-03,06:23:06,TAP1097,CS-TAX,Embraer E195,TAP Air Portugal,landing,arrivee,675,238.2,89.8,6.44,39.17,3.6,354,
2026-10-03,06:27:01,TAP11VP,CS-TPP,Embraer E190,TAP Air Portugal,landing,arrivee,575,232.4,90.6,6.84,45.47,3.6,354,
2026-10-03,06:29:38,TAP104,CS-TUS,Airbus A330-900neo,TAP Air Portugal,landing,arrivee,700,241.5,96.5,8.34,67.46,3.6,354,
2026-10-03,06:39:43,AEA1159,EC-MPS,Boeing 737-800,Air Europa,landing,arrivee,700,249.1,93.7,6.43,60.82,3.6,360,
2026-10-03,06:43:11,781134,B-8982,Airbus A330-200,Capital Airlines,landing,arrivee,700,235.9,94.2,8.24,64.34,3.6,360,
2026-10-03,06:45:53,4952d2,CS-TVR,Airbus A320neo,TAP Air Portugal,landing,arrivee,750,254.8,89.2,5.2,41.91,3.3,13,
2026-10-03,06:49:09,e48ba8,PT-MUE,Boeing 777-300ER,LATAM Airlines,landing,arrivee,725,258.9,98.4,8.09,74.59,3.3,13,
2026-10-03,06:51:38,4951cc,CS-TNL,Airbus A320,TAP Air Portugal,landing,arrivee,750,239.1,91.1,7.57,72.18,3.3,13,
2026-10-03,06:53:40,TAP41SN,CS-TVP,Airbus A320neo,TAP Air Portugal,landing,arrivee,775,260.8,89.9,5.43,47.89,3.3,13,
2026-10-03,06:56:31,4952ca,CS-TVJ,Airbus A320neo,TAP Air Portugal,landing,arrivee,725,234.8,86.5,4.43,34.9,3.3,13,
2026-10-03,06:59:20,8964be,A6-BLN,Boeing 787-9,Etihad Airways,landing,arrivee,725,291.3,90.9,6.17,58.26,3.3,13,
2026-10-03,07:05:32,495211,CS-TPQ,Embraer E190,TAP Air Portugal,landing,arrivee,600,230.8,90.2,6.92,58.0,3.2,27,
2026-10-03,07:07:35,49514d,CS-TJM,Airbus A321neo,TAP Air Portugal,landing,arrivee,725,263.2,89.0,4.55,40.49,3.2,27,
2026-10-03,07:09:49,TAP296,CS-TUN,Airbus A330-900neo,TAP Air Portugal,landing,arrivee,750,263.2,94.1,7.58,70.32,3.2,27,
2026-10-03,07:15:31,495039,CS-TAY,Embraer E195,TAP Air Portugal,landing,arrivee,600,251.5,89.8,6.45,46.16,3.2,27,
2026-10-03,07:20:36,090150,D2-TET,Boeing 787-9,TAAG Angola Airlines,landing,arrivee,725,290.6,90.7,6.65,50.95,3.4,32,
2026-10-03,07:23:54,e4a7ae,,,,landing,arrivee,675,245.6,96.7,7.93,75.31,3.4,32,
2026-10-03,07:27:18,TAP441,CS-TVO,Airbus A320neo,TAP Air Portugal,landing,arrivee,675,273.2,88.7,4.42,44.97,3.4,32,
2026-10-03,07:29:37,IBE05TR,EC-MXU,Airbus A320neo,Iberia,landing,arrivee,725,247.2,86.2,4.52,39.42,3.4,32,
