date,status,sensorgrid_lden,sensorgrid_lden_day,sensorgrid_lden_evening,sensorgrid_lden_night,sensorgrid_leq_day,sensorgrid_leq_night,sensorgrid_leq_dn,sensorgrid_lva,lf_leq_dn_est,lf_leq_day_est,lf_leq_night_est,n_flights,n_events_over_70db,n_flights_no_event,n_flights_no_data,avg_peak_db,avg_duration_over_70_s,total_duration_over_70_s,avg_temp_c,avg_wind_kmh,dominant_wind_dir
2026-09-05,lf_estimate_only,,,,,,,,,70.47,69.24,62.22,311,305,6,0,88.3,5.3,1552.9,,,
2026-09-06,lf_estimate_only,,,,,,,,,70.14,69.08,61.71,348,344,4,0,89.3,5.4,1849.7,,,
2026-09-07,lf_estimate_only,,,,,,,,,69.19,66.49,62.04,345,344,1,0,87.7,5.0,1734.2,,,
2026-09-08,sensorgrid,64.69,60.53,65.49,56.09,61.69,56.43,63.89,65.76,67.14,64.88,59.73,330,327,3,0,85.9,4.8,1551.7,,13.5,NNW
2026-09-09,sensorgrid,66.59,63.9,64.45,58.56,64.05,58.82,66.27,65.4,65.73,63.69,58.16,328,327,1,0,84.9,4.4,1422.7,,16.6,NNW
2026-09-10,sensorgrid,64.06,61.9,58.93,56.34,61.79,56.38,63.9,62.77,62.74,61.33,54.65,336,334,2,0,82.4,3.6,1203.9,,11.8,NNW
2026-09-11,sensorgrid,69.6,59.5,65.42,63.63,61.5,63.68,69.41,70.09,70.22,59.1,64.76,346,314,32,0,80.9,3.1,975.6,22.7,6.1,NNW
2026-09-12,sensorgrid,73.44,71.73,70.16,65.05,71.58,65.16,73.12,72.52,72.55,71.21,64.4,336,336,0,0,93.0,5.7,1925.2,26.7,4.6,NNW
2026-09-13,sensorgrid,73.6,69.83,70.03,66.43,70.42,66.62,73.55,72.73,72.55,69.37,65.65,345,338,7,0,88.5,5.0,1660.2,27.4,4.7,SW
2026-09-14,sensorgrid,71.08,68.71,69.14,62.79,68.81,62.95,70.66,70.82,71.03,68.71,63.65,332,327,5,0,87.7,5.2,1658.0,26.5,5.8,SW
2026-09-15,sensorgrid,74.9,72.44,73.0,66.66,72.53,66.76,74.43,74.68,74.55,72.0,67.3,338,336,2,0,93.7,6.6,2203.4,22.9,14.9,NNW
2026-09-16,sensorgrid,74.46,72.04,71.88,66.4,72.45,66.44,74.22,73.29,73.12,71.55,65.18,346,339,7,0,92.7,6.3,2125.8,21.5,20.6,NNW
2026-09-17,sensorgrid,73.42,70.77,69.97,65.7,70.7,65.91,73.19,73.1,72.47,70.45,64.88,333,329,4,0,91.8,6.2,2035.5,22.0,14.3,NNW
2026-09-18,sensorgrid,74.19,71.47,70.21,66.61,71.35,66.62,73.87,73.4,73.26,71.11,65.76,337,335,2,0,92.6,6.2,2092.1,22.6,9.9,NNW
2026-09-19,sensorgrid,73.12,71.06,70.64,64.77,71.03,64.95,72.76,72.02,72.32,70.83,64.31,340,337,3,0,91.9,6.3,2098.4,25.0,5.6,NNW
2026-09-20,sensorgrid,73.5,71.14,70.41,65.53,71.24,65.62,73.23,72.6,72.91,70.8,65.38,341,338,3,0,92.0,6.3,2125.2,26.2,5.9,NNW
2026-09-21,sensorgrid,73.55,70.69,70.65,65.83,70.78,66.03,73.29,72.62,73.02,70.68,65.65,344,340,4,0,92.1,6.3,2144.5,25.8,7.0,NNW
2026-09-22,sensorgrid,71.37,69.3,68.06,63.26,70.06,63.35,71.45,70.39,70.52,68.65,62.82,334,329,5,0,88.5,5.8,1897.8,26.3,4.8,WNW
2026-09-23,sensorgrid,71.55,69.46,68.11,63.49,69.34,63.63,71.28,70.49,70.59,69.07,62.61,339,331,8,0,88.0,6.1,1960.4,26.7,4.4,NNE
2026-09-24,sensorgrid,71.21,69.9,68.57,62.27,69.79,62.42,70.85,71.03,70.82,69.34,62.8,333,331,2,0,90.7,5.9,1961.3,25.6,5.8,NNW
2026-09-25,sensorgrid,72.68,70.28,70.32,64.54,70.31,64.93,72.44,72.35,72.27,69.9,64.91,327,327,0,0,91.8,6.1,2006.6,22.6,11.0,N
2026-09-26,sensorgrid,73.03,71.03,69.53,64.92,70.89,65.01,72.73,72.25,72.51,70.35,65.03,339,336,3,0,91.9,6.1,2061.6,25.8,8.6,NE
2026-09-27,sensorgrid,73.22,71.07,70.6,64.99,71.06,65.09,72.85,72.91,72.79,70.72,65.24,344,343,1,0,92.2,6.2,2108.1,23.8,9.3,NNW
2026-09-28,sensorgrid,72.22,69.87,63.52,64.95,69.48,64.99,72.16,70.11,71.45,69.43,63.87,328,315,13,0,87.8,5.8,1863.5,22.5,5.7,SW
2026-09-29,sensorgrid,66.6,64.28,62.35,58.85,64.27,59.08,66.51,65.88,63.96,62.61,55.82,327,284,43,1,80.1,3.7,1098.2,22.4,19.5,SSW
2026-09-30,sensorgrid,71.94,69.96,70.52,63.15,70.08,63.24,71.4,71.62,71.02,69.51,63.03,335,333,2,0,90.6,6.1,2007.5,20.8,9.8,NNW
2026-10-01,sensorgrid,71.94,69.75,67.9,64.07,69.63,64.22,71.74,71.09,71.04,69.2,63.33,326,326,0,0,91.2,6.0,1948.0,19.3,15.8,N
2026-10-02,sensorgrid,71.41,69.23,69.08,63.1,69.23,63.25,71.01,70.67,71.12,68.82,63.72,331,329,2,0,90.1,5.9,1928.4,22.3,4.7,NNW
2026-10-03,sensorgrid,72.22,69.61,69.89,64.21,69.67,64.29,71.8,71.23,71.39,69.6,63.62,315,307,5,3,91.0,6.1,1869.4,21.5,6.2,NE
2026-10-04,sensorgrid,74.01,70.47,70.61,66.71,72.34,66.76,74.35,73.01,72.87,70.19,65.7,331,329,2,0,90.4,6.4,2032.4,22.2,5.8,ENE
2026-10-05,sensorgrid,72.18,69.32,63.07,65.19,68.91,65.3,72.17,70.1,70.84,68.89,63.21,303,294,9,0,87.4,6.2,1749.0,21.3,9.3,NE
2026-10-06,sensorgrid,71.8,70.08,70.58,62.68,70.17,62.83,71.25,72.0,71.85,69.62,64.4,319,313,6,0,89.3,5.9,1817.4,20.3,8.6,NW
2026-10-07,sensorgrid,73.26,71.31,70.24,64.99,71.2,65.35,73.06,72.83,72.77,70.78,65.17,330,325,5,0,92.1,6.3,2036.5,19.8,10.8,NNW
2026-10-08,sensorgrid,72.61,70.27,69.14,64.71,70.17,64.96,72.4,71.54,71.74,69.85,64.05,328,326,2,0,91.3,6.1,1976.0,21.5,11.8,NNW
2026-10-09,sensorgrid,71.1,68.82,68.64,62.9,68.91,63.13,70.81,70.62,70.48,68.06,63.16,332,331,1,0,90.0,5.8,1925.7,20.2,12.4,NE
