date,bin,n_flights,n_arrivals,n_departures,avg_peak_db,max_peak_db,avg_peak_db_arrivals,avg_peak_db_departures,wind_dir_mean_deg,wind_dir_circ_std_deg,avg_wind_kmh,avg_temp_c,avg_pressure_hpa,mean_heading_deg
2026-09-08,00h-03h,2,1,0,49.6,49.9,49.9,,350.5,0.5,12.4,,,299.9
2026-09-08,03h-06h,11,10,0,87.2,89.3,87.0,,352.7,0.4,12.2,,,22.7
2026-09-08,06h-09h,44,40,0,86.6,94.2,86.5,,350.7,1.3,13.1,,,22.8
2026-09-08,09h-12h,57,51,0,86.8,92.6,87.0,,351.7,1.0,14.1,,,22.8
2026-09-08,12h-15h,50,47,0,86.3,94.2,86.1,,347.2,2.5,15.1,,,22.8
2026-09-08,15h-18h,51,45,1,84.3,91.0,85.1,78.8,338.8,1.9,16.1,,,21.6
2026-09-08,18h-21h,56,54,0,85.7,93.9,85.6,,337.0,0.6,15.0,,,22.8
2026-09-08,21h-24h,59,56,0,86.6,99.9,86.6,,328.8,6.3,8.5,,,22.7
2026-09-09,00h-03h,3,2,0,85.0,86.5,85.5,,313.7,1.9,7.0,,,23.1
2026-09-09,03h-06h,11,9,0,85.7,88.8,85.0,,347.1,4.6,10.7,,,22.6
2026-09-09,06h-09h,42,41,0,85.7,93.0,85.7,,351.9,2.5,12.7,,,22.7
2026-09-09,09h-12h,46,43,0,85.4,90.4,85.5,,351.0,2.1,15.2,,,22.8
2026-09-09,12h-15h,55,51,0,86.3,96.6,86.3,,343.8,2.6,16.2,,,22.8
2026-09-09,15h-18h,57,47,0,84.0,89.3,83.8,,337.3,0.9,19.7,,,22.9
2026-09-09,18h-21h,58,50,0,84.0,92.1,84.1,,339.2,0.9,19.0,,,22.7
2026-09-09,21h-24h,56,55,0,84.3,90.4,84.2,,342.9,1.1,17.1,,,22.7
2026-09-10,00h-03h,6,6,0,81.5,83.7,81.5,,344.5,1.0,11.5,,,22.9
2026-09-10,03h-06h,10,10,0,82.7,85.0,82.7,,339.8,0.9,9.4,,,22.7
2026-09-10,06h-09h,54,51,1,83.1,89.3,83.5,69.8,344.4,4.1,7.9,,,22.5
2026-09-10,09h-12h,53,51,0,84.2,90.7,84.3,,12.2,9.9,9.0,,,22.8
2026-09-10,12h-15h,50,44,1,82.6,88.7,82.6,77.2,16.2,7.9,10.7,,,22.8
2026-09-10,15h-18h,56,51,0,82.6,86.7,82.6,,345.7,4.1,16.1,,,22.7
2026-09-10,18h-21h,54,52,0,81.3,87.0,81.3,,342.7,2.7,17.0,,,22.8
2026-09-10,21h-24h,53,48,0,80.5,84.9,80.6,,351.0,2.1,10.2,,,22.7
2026-09-11,00h-03h,4,4,0,81.1,82.8,81.1,,353.7,2.6,9.0,,,23.0
2026-09-11,03h-06h,10,10,0,83.4,85.8,83.4,,4.0,-0.0,5.8,,,22.8
2026-09-11,06h-09h,50,48,0,82.9,89.2,82.9,,12.5,13.0,4.5,,,22.6
2026-09-11,09h-12h,56,54,0,81.1,87.8,81.5,,53.3,6.1,5.3,,,23.1
2026-09-11,12h-15h,52,51,0,80.4,85.9,80.4,,63.1,12.0,6.1,,,22.8
2026-09-11,15h-18h,58,54,0,80.4,84.8,80.4,,315.6,129.0,5.7,,,22.8
2026-09-11,18h-21h,52,47,0,77.5,83.4,77.5,,334.2,2.1,11.2,,,22.7
2026-09-11,21h-24h,64,60,0,82.2,97.9,82.0,,332.7,6.1,4.2,22.7,1006.0,22.7
2026-09-12,00h-03h,1,1,0,94.8,94.8,94.8,,324.0,-0.0,3.1,20.1,1005.4,22.9
2026-09-12,03h-06h,8,8,0,92.4,99.7,92.4,,300.8,9.4,3.2,18.9,1005.3,22.6
2026-09-12,06h-09h,52,47,0,92.8,99.8,93.0,,291.2,11.7,3.3,18.1,1005.5,22.8
2026-09-12,09h-12h,53,49,0,94.5,103.1,94.4,,89.4,35.4,2.3,23.4,1006.7,22.8
2026-09-12,12h-15h,52,51,0,93.6,103.0,93.6,,104.4,10.0,2.8,30.0,1005.7,22.7
2026-09-12,15h-18h,51,48,0,93.3,97.5,93.3,,191.9,64.7,3.8,33.0,1004.4,22.8
2026-09-12,18h-21h,61,59,0,92.7,98.2,92.6,,326.6,4.0,9.6,30.3,1004.0,22.9
2026-09-12,21h-24h,58,51,0,91.4,96.0,91.4,,337.4,5.6,5.1,26.4,1005.0,22.8
2026-09-13,00h-03h,3,3,0,93.1,94.2,93.1,,322.7,5.2,3.2,23.8,1005.0,22.7
2026-09-13,03h-06h,10,9,0,93.6,97.7,93.6,,300.8,42.9,2.0,22.5,1005.3,22.9
2026-09-13,06h-09h,50,47,0,93.4,103.1,93.4,,254.1,13.2,3.6,20.8,1006.1,22.8
2026-09-13,09h-12h,45,35,5,91.4,101.3,93.0,82.2,166.4,49.8,1.7,24.3,1007.9,23.0
2026-09-13,12h-15h,55,0,53,81.6,92.2,,81.9,218.9,13.3,6.0,30.4,1007.4,203.3
2026-09-13,15h-18h,61,7,50,83.1,95.0,92.8,81.6,239.1,16.0,9.4,32.4,1006.3,202.4
2026-09-13,18h-21h,53,50,0,91.8,99.0,92.3,,299.4,19.2,6.1,30.2,1005.6,22.7
2026-09-13,21h-24h,68,63,2,90.1,96.5,91.2,72.5,336.0,37.1,1.7,26.1,1006.7,23.6
2026-09-14,00h-03h,4,3,0,82.5,93.8,92.9,,266.8,11.6,3.0,23.9,1006.8,8.2
2026-09-14,03h-06h,10,8,1,87.1,93.8,90.9,89.5,252.5,12.5,2.9,21.9,1006.9,15.2
2026-09-14,06h-09h,55,31,21,87.2,94.6,91.2,80.8,238.4,13.7,3.1,20.2,1007.6,22.1
2026-09-14,09h-12h,42,22,16,88.1,98.0,93.1,80.6,212.1,9.2,3.2,24.0,1009.3,23.8
2026-09-14,12h-15h,58,0,57,84.1,93.6,,84.1,224.2,7.2,8.7,30.0,1009.2,202.1
2026-09-14,15h-18h,47,10,35,85.2,105.2,93.4,82.4,270.9,29.7,8.5,31.9,1008.0,202.4
2026-09-14,18h-21h,55,50,0,92.2,97.6,92.1,,330.4,4.1,8.6,29.0,1007.8,22.9
2026-09-14,21h-24h,61,56,0,89.8,93.7,89.8,,7.7,9.5,3.4,25.3,1008.6,22.7
2026-09-15,00h-03h,3,3,0,87.7,89.9,87.7,,341.7,4.5,3.4,23.9,1009.3,22.8
2026-09-15,03h-06h,10,10,0,91.1,94.6,91.1,,347.4,5.9,4.0,20.6,1008.5,22.9
2026-09-15,06h-09h,45,43,0,93.4,100.6,93.5,,332.0,7.6,3.7,20.1,1009.2,22.7
2026-09-15,09h-12h,52,49,0,93.0,99.7,92.8,,348.5,1.0,10.9,22.6,1011.0,22.8
2026-09-15,12h-15h,53,47,0,95.0,103.4,95.0,,345.6,1.7,16.5,26.5,1009.8,22.7
2026-09-15,15h-18h,55,51,0,94.1,99.8,94.3,,340.3,1.0,19.8,25.8,1008.6,22.8
2026-09-15,18h-21h,57,53,0,93.2,103.7,93.6,,346.9,4.0,19.8,22.1,1008.6,20.8
2026-09-15,21h-24h,63,58,0,93.9,98.2,93.9,,352.2,0.4,18.5,20.6,1009.3,22.8
2026-09-16,00h-03h,6,4,0,65.3,91.3,74.2,,351.0,0.8,18.3,20.0,1009.4,7.6
2026-09-16,03h-06h,10,9,0,92.3,99.0,91.7,,350.5,0.5,18.4,19.2,1007.6,22.8
2026-09-16,06h-09h,45,43,0,92.8,102.0,93.8,,350.5,0.5,18.5,18.9,1007.7,22.7
2026-09-16,09h-12h,54,50,0,93.5,100.4,93.5,,349.8,1.8,20.1,20.6,1007.8,22.7
2026-09-16,12h-15h,54,46,0,93.7,108.9,93.7,,340.2,1.6,20.5,23.9,1006.2,20.6
2026-09-16,15h-18h,63,57,0,93.3,98.6,93.7,,343.8,2.5,23.4,24.1,1004.5,22.7
2026-09-16,18h-21h,53,46,0,93.8,100.3,93.8,,344.3,0.7,23.1,21.5,1003.9,23.1
2026-09-16,21h-24h,61,57,0,92.0,98.9,92.1,,342.5,1.9,18.4,20.0,1004.1,22.0
2026-09-17,00h-03h,2,1,0,70.6,92.7,92.7,,352.5,1.5,12.3,20.1,1004.5,342.0
2026-09-17,03h-06h,8,7,0,93.4,96.4,93.8,,342.2,3.2,5.3,19.2,1003.5,23.1
2026-09-17,06h-09h,53,51,0,92.7,101.4,92.6,,351.2,3.7,5.8,18.9,1003.7,22.8
2026-09-17,09h-12h,54,50,0,92.0,100.2,91.9,,16.2,9.2,11.4,22.6,1005.0,22.7
2026-09-17,12h-15h,49,44,0,91.7,98.0,91.7,,12.8,2.8,14.4,26.2,1004.3,22.8
2026-09-17,15h-18h,56,54,0,93.2,96.9,93.3,,349.0,4.8,21.0,25.6,1003.2,22.7
2026-09-17,18h-21h,51,50,0,91.3,100.6,91.1,,347.4,0.7,20.6,20.8,1002.9,22.7
2026-09-17,21h-24h,60,55,2,90.5,97.5,91.3,65.8,346.2,1.1,13.8,18.7,1003.7,22.8
2026-09-18,00h-03h,7,6,0,80.9,93.4,86.1,,346.7,2.2,12.3,18.1,1003.8,13.6
2026-09-18,03h-06h,11,10,0,93.1,97.2,93.3,,347.0,-0.0,9.9,18.2,1002.9,22.8
2026-09-18,06h-09h,50,47,0,93.1,99.8,93.1,,347.0,1.1,9.2,17.8,1003.3,22.6
2026-09-18,09h-12h,52,49,0,93.1,100.0,93.2,,350.1,2.5,11.0,21.0,1004.1,22.7
2026-09-18,12h-15h,52,46,0,93.4,100.8,93.3,,358.0,5.6,9.3,26.3,1003.4,22.7
2026-09-18,15h-18h,54,45,0,93.4,99.6,93.5,,336.3,3.5,13.1,27.2,1002.2,22.7
2026-09-18,18h-21h,50,44,0,92.4,98.6,92.5,,338.4,2.1,12.6,23.4,1002.1,22.7
2026-09-18,21h-24h,61,54,0,91.8,97.1,91.7,,334.6,7.7,4.8,21.1,1003.1,22.7
2026-09-19,00h-03h,1,1,0,92.3,92.3,92.3,,307.0,-0.0,3.6,18.4,1003.1,22.9
2026-09-19,03h-06h,11,11,0,93.8,96.5,93.8,,343.7,1.5,3.7,17.4,1003.0,22.8
2026-09-19,06h-09h,48,44,0,93.4,99.7,93.5,,7.4,19.3,2.8,18.0,1003.6,22.8
2026-09-19,09h-12h,54,50,0,93.6,99.5,93.6,,59.3,10.5,3.1,21.6,1005.2,22.7
2026-09-19,12h-15h,50,45,1,91.7,101.1,91.6,84.0,101.6,35.1,3.1,27.7,1005.4,22.8
2026-09-19,15h-18h,56,53,0,91.9,96.9,91.8,,222.7,30.4,6.5,30.3,1004.5,22.9
2026-09-19,18h-21h,63,53,2,90.5,97.9,91.7,75.6,326.8,10.5,10.4,27.6,1004.8,22.5
2026-09-19,21h-24h,57,55,0,90.2,100.6,90.1,,351.2,7.9,6.6,25.0,1006.3,22.8
2026-09-20,00h-03h,1,1,0,88.7,88.7,88.7,,10.0,-0.0,4.0,24.0,1006.8,22.9
2026-09-20,03h-06h,10,9,0,94.0,96.5,93.7,,67.7,13.6,3.0,21.6,1007.3,22.8
2026-09-20,06h-09h,48,45,0,91.3,99.6,91.4,,25.2,10.8,3.8,20.8,1008.1,22.9
2026-09-20,09h-12h,54,51,1,90.7,99.7,92.3,64.2,52.0,11.6,5.5,23.3,1010.3,22.0
2026-09-20,12h-15h,56,49,0,93.2,98.9,93.1,,107.5,24.8,2.5,28.4,1010.1,22.8
2026-09-20,15h-18h,51,47,0,93.3,98.4,93.4,,188.2,47.3,5.5,31.4,1008.7,22.8
2026-09-20,18h-21h,58,54,0,92.6,100.7,92.4,,319.1,4.7,12.8,28.3,1008.4,22.8
2026-09-20,21h-24h,63,60,0,90.6,95.7,90.6,,333.6,4.4,5.2,25.4,1009.3,22.0
2026-09-21,00h-03h,3,3,0,91.0,94.4,91.0,,5.1,77.5,3.5,23.4,1009.6,22.7
2026-09-21,03h-06h,10,9,0,93.1,100.9,93.3,,80.4,33.8,2.3,21.3,1010.0,22.6
2026-09-21,06h-09h,53,47,0,91.8,101.2,91.6,,340.7,32.8,3.0,20.3,1010.9,22.7
2026-09-21,09h-12h,51,44,0,92.2,99.9,93.4,,52.0,2.8,5.6,22.5,1011.9,22.6
2026-09-21,12h-15h,53,48,0,93.1,99.1,93.0,,51.0,6.0,5.7,28.0,1010.6,22.7
2026-09-21,15h-18h,53,47,0,92.7,101.8,92.5,,99.2,75.6,4.0,31.8,1008.6,22.7
2026-09-21,18h-21h,60,53,0,91.6,98.9,92.1,,329.1,4.9,16.8,27.7,1008.0,21.8
2026-09-21,21h-24h,61,55,0,91.0,98.2,91.0,,340.4,3.1,7.0,25.4,1008.6,23.7
2026-09-22,00h-03h,2,2,0,88.9,90.0,88.9,,328.0,-0.0,3.4,23.9,1008.0,22.6
2026-09-22,03h-06h,9,9,0,91.9,96.7,91.9,,356.8,13.4,1.4,22.1,1006.2,22.7
2026-09-22,06h-09h,47,42,0,92.6,100.1,92.6,,30.7,11.4,2.5,21.2,1006.7,22.7
2026-09-22,09h-12h,55,51,0,91.0,98.0,91.1,,67.3,30.1,2.0,23.4,1007.9,22.7
2026-09-22,12h-15h,50,21,27,85.9,97.9,92.1,80.8,206.4,11.9,5.2,29.8,1007.2,201.6
2026-09-22,15h-18h,55,4,47,84.0,105.3,90.5,83.3,231.9,10.9,11.0,31.0,1005.5,202.6
2026-09-22,18h-21h,53,45,0,89.8,99.1,89.9,,292.0,8.0,5.5,28.4,1004.8,22.8
2026-09-22,21h-24h,63,59,0,87.4,94.0,87.9,,284.8,12.3,3.0,24.4,1005.4,20.9
2026-09-23,00h-03h,1,0,0,91.9,91.9,,,284.0,-0.0,3.0,22.3,1005.3,
2026-09-23,03h-06h,11,11,0,89.8,91.9,89.8,,323.8,5.7,4.0,20.6,1004.9,22.8
2026-09-23,06h-09h,46,41,0,92.0,99.8,91.8,,3.9,11.2,3.2,20.7,1005.7,22.8
2026-09-23,09h-12h,49,46,0,92.3,100.7,92.3,,67.5,22.6,3.3,24.1,1007.4,22.7
2026-09-23,12h-15h,49,25,21,88.6,99.4,92.3,84.1,145.0,35.2,3.7,30.0,1006.8,25.5
2026-09-23,15h-18h,62,1,54,80.3,92.7,59.8,80.9,231.2,17.1,8.5,32.1,1005.6,204.6
2026-09-23,18h-21h,62,41,17,88.1,96.6,89.7,84.5,297.3,23.0,4.9,28.3,1005.7,22.8
2026-09-23,21h-24h,59,52,0,88.3,93.1,88.2,,38.7,22.2,2.0,24.6,1007.2,22.8
2026-09-24,00h-03h,1,1,0,91.0,91.0,91.0,,315.0,-0.0,3.1,21.3,1007.5,22.9
2026-09-24,03h-06h,8,8,0,89.9,92.3,89.9,,287.8,2.9,4.3,18.9,1007.3,22.7
2026-09-24,06h-09h,49,46,0,90.6,96.4,90.5,,325.6,28.5,3.0,18.8,1008.2,22.8
2026-09-24,09h-12h,53,53,0,90.5,98.0,90.5,,104.6,25.4,2.2,23.1,1009.6,22.7
2026-09-24,12h-15h,52,48,0,92.4,101.5,92.4,,75.4,46.4,3.1,29.4,1009.7,22.8
2026-09-24,15h-18h,55,52,0,91.3,97.2,91.8,,348.5,5.9,12.4,32.0,1008.5,23.7
2026-09-24,18h-21h,56,50,1,90.1,98.0,90.3,72.1,335.6,1.8,9.9,27.3,1008.3,22.9
2026-09-24,21h-24h,59,54,1,89.5,94.4,89.6,80.3,346.8,2.9,4.1,23.5,1008.7,22.7
2026-09-25,00h-03h,2,1,0,89.2,90.3,88.0,,346.0,4.0,3.7,22.0,1008.8,23.1
2026-09-25,03h-06h,9,8,0,92.6,97.1,92.9,,12.4,3.3,4.5,19.2,1008.7,22.8
2026-09-25,06h-09h,44,41,0,92.9,98.9,92.9,,348.5,10.2,4.0,17.6,1008.9,22.8
2026-09-25,09h-12h,51,49,0,92.5,100.1,92.6,,4.3,7.9,6.8,21.1,1009.7,22.6
2026-09-25,12h-15h,52,49,0,91.5,95.8,91.7,,358.9,1.5,14.5,25.9,1008.8,22.8
2026-09-25,15h-18h,54,51,1,91.8,98.8,91.8,91.2,346.9,6.0,16.8,27.2,1007.1,22.7
2026-09-25,18h-21h,50,49,0,90.7,98.9,90.7,,343.4,3.3,14.2,23.1,1007.2,22.7
2026-09-25,21h-24h,65,65,0,91.5,95.5,91.5,,359.7,3.3,10.2,20.6,1007.8,22.7
2026-09-26,00h-03h,3,3,0,89.8,91.8,89.8,,356.7,2.9,8.2,20.2,1007.8,22.5
2026-09-26,03h-06h,12,9,0,92.4,96.6,92.5,,10.2,5.0,6.8,21.3,1006.2,22.9
2026-09-26,06h-09h,44,39,0,92.6,98.1,92.9,,358.6,34.0,3.5,20.9,1006.0,22.8
2026-09-26,09h-12h,53,47,0,93.1,101.4,92.9,,40.3,4.0,5.5,23.3,1006.7,22.7
2026-09-26,12h-15h,50,46,0,92.2,100.1,92.1,,52.2,2.0,9.1,28.5,1005.6,22.7
2026-09-26,15h-18h,61,50,0,90.9,97.6,91.9,,13.7,28.9,9.1,30.9,1003.9,23.4
2026-09-26,18h-21h,58,48,0,91.4,99.8,92.1,,337.7,3.1,12.6,26.6,1004.0,21.9
2026-09-26,21h-24h,58,55,0,91.4,94.6,91.5,,355.0,7.2,10.5,24.3,1004.7,22.8
2026-09-27,00h-03h,2,2,0,91.4,92.9,91.4,,4.0,2.0,8.1,23.5,1004.5,22.6
2026-09-27,03h-06h,9,8,0,91.5,93.6,91.6,,346.6,0.8,7.8,21.6,1003.4,22.8
2026-09-27,06h-09h,51,48,0,91.2,96.3,91.1,,357.2,7.2,5.5,20.9,1003.5,22.7
2026-09-27,09h-12h,51,49,0,92.0,97.7,91.9,,358.5,6.7,7.4,23.9,1004.5,22.8
2026-09-27,12h-15h,55,46,0,91.9,100.7,93.0,,352.9,5.2,14.3,27.1,1004.1,22.8
2026-09-27,15h-18h,53,49,0,94.4,99.7,94.4,,343.0,4.9,15.5,26.6,1003.0,22.6
2026-09-27,18h-21h,60,56,0,91.9,103.1,91.9,,336.4,3.6,9.5,23.5,1003.3,22.8
2026-09-27,21h-24h,63,60,0,92.0,96.5,92.1,,326.4,14.7,4.3,21.4,1004.0,22.9
2026-09-28,00h-03h,6,5,0,91.3,96.7,91.9,,10.0,12.8,1.9,20.9,1004.1,22.6
2026-09-28,03h-06h,13,13,0,91.5,99.0,91.5,,322.8,3.0,2.7,19.6,1004.0,22.8
2026-09-28,06h-09h,48,45,0,92.8,99.4,92.8,,339.8,14.8,2.1,19.4,1003.6,22.7
2026-09-28,09h-12h,53,51,1,92.3,100.4,92.4,85.8,110.0,19.3,3.1,21.0,1004.7,23.0
2026-09-28,12h-15h,53,49,0,94.1,100.5,93.9,,136.1,22.1,5.2,24.4,1003.2,22.8
2026-09-28,15h-18h,51,4,45,84.4,96.5,93.2,83.3,224.1,5.4,9.3,26.4,1001.3,202.1
2026-09-28,18h-21h,56,0,53,80.9,104.1,,80.7,225.4,2.4,8.7,23.4,1001.5,202.4
2026-09-28,21h-24h,48,1,44,81.2,94.6,90.2,80.9,218.0,16.9,6.9,20.9,1002.3,202.2
2026-09-29,00h-03h,6,0,6,79.9,85.6,,79.9,203.4,8.6,7.5,20.2,1001.9,201.8
2026-09-29,03h-06h,2,0,1,83.6,83.8,,83.8,171.0,-0.0,10.9,20.5,1000.5,202.1
2026-09-29,06h-09h,49,0,49,79.2,91.5,,79.2,168.3,2.0,13.3,20.8,1000.2,202.4
2026-09-29,09h-12h,48,0,48,80.1,94.0,,80.1,179.2,3.5,20.5,22.1,1001.3,202.2
2026-09-29,12h-15h,55,0,49,80.8,108.2,,80.5,190.5,4.2,24.5,24.1,1001.6,202.1
2026-09-29,15h-18h,69,0,66,80.9,94.7,,80.7,199.9,2.5,24.5,23.9,1000.9,202.4
2026-09-29,18h-21h,55,0,53,79.6,90.3,,79.5,204.5,3.4,19.2,21.8,1001.5,202.4
2026-09-29,21h-24h,43,0,41,79.9,94.8,,79.8,201.9,3.2,13.8,21.1,1002.7,202.3
2026-09-30,00h-03h,8,0,8,79.3,88.5,,79.3,208.1,1.2,15.4,20.9,1003.0,202.5
2026-09-30,03h-06h,4,0,4,82.9,85.0,,82.9,211.5,7.1,8.9,20.4,1002.5,201.9
2026-09-30,06h-09h,46,33,10,90.5,100.0,91.8,85.8,245.6,29.2,6.1,20.0,1003.8,23.1
2026-09-30,09h-12h,48,43,0,91.3,98.4,91.3,,339.2,8.7,7.2,20.4,1005.9,22.8
2026-09-30,12h-15h,56,52,0,90.9,97.4,91.1,,325.3,6.7,9.6,22.6,1006.8,22.9
2026-09-30,15h-18h,53,47,0,91.6,99.3,91.5,,323.1,2.3,12.6,22.9,1007.0,22.7
2026-09-30,18h-21h,62,59,0,91.0,102.9,91.5,,335.0,2.6,12.4,20.4,1008.1,21.8
2026-09-30,21h-24h,58,53,0,90.7,96.8,90.5,,346.3,3.9,8.9,18.5,1009.5,22.7
2026-10-01,00h-03h,2,2,0,90.8,91.0,90.8,,354.0,1.0,8.8,17.6,1009.8,22.8
2026-10-01,03h-06h,11,10,0,91.7,94.6,91.8,,353.7,1.0,12.3,16.6,1009.8,22.9
2026-10-01,06h-09h,44,40,0,93.0,102.6,92.8,,358.9,1.7,15.2,16.4,1010.3,22.8
2026-10-01,09h-12h,57,50,0,91.2,98.6,91.4,,4.1,2.4,17.2,18.6,1010.9,22.8
2026-10-01,12h-15h,51,43,0,91.9,99.4,91.7,,3.0,3.8,17.5,21.9,1010.0,22.9
2026-10-01,15h-18h,56,55,0,91.0,94.9,90.9,,351.5,1.8,20.6,21.7,1008.5,22.8
2026-10-01,18h-21h,50,45,0,90.5,95.9,90.4,,343.3,1.9,16.5,19.2,1008.3,22.8
2026-10-01,21h-24h,55,51,0,89.9,94.8,90.1,,345.4,1.7,8.7,18.0,1008.5,22.8
2026-10-02,00h-03h,5,3,0,91.3,93.5,91.7,,340.4,6.2,4.3,17.7,1008.2,22.9
2026-10-02,03h-06h,9,8,0,90.0,93.4,90.0,,338.7,3.0,3.5,15.6,1006.8,22.8
2026-10-02,06h-09h,47,42,0,91.0,100.5,91.1,,346.6,3.2,3.2,16.0,1006.8,22.8
2026-10-02,09h-12h,48,46,0,91.1,98.1,91.0,,44.1,16.6,3.3,19.5,1008.2,22.7
2026-10-02,12h-15h,51,42,0,90.5,95.9,90.5,,55.9,5.7,5.9,24.8,1007.6,22.8
2026-10-02,15h-18h,60,54,1,89.6,94.2,90.3,80.0,69.8,80.1,3.8,27.1,1006.1,24.4
2026-10-02,18h-21h,50,42,1,90.0,98.5,91.3,50.2,329.6,8.2,7.8,24.4,1005.5,20.0
2026-10-02,21h-24h,61,52,0,88.9,94.1,89.4,,320.7,8.4,4.4,22.2,1006.5,22.1
2026-10-03,00h-03h,6,4,0,82.6,95.8,90.3,,351.5,2.6,3.6,21.6,1006.5,24.0
2026-10-03,03h-06h,10,10,0,90.3,93.6,90.3,,63.4,33.4,1.9,19.2,1005.3,22.9
2026-10-03,06h-09h,45,43,0,90.4,98.4,90.4,,26.6,18.4,4.0,19.2,1005.7,22.7
2026-10-03,09h-12h,55,54,0,91.3,97.0,91.3,,76.1,29.4,7.4,21.1,1007.4,22.7
2026-10-03,12h-15h,41,36,0,91.8,99.1,91.9,,85.3,24.9,4.3,23.4,1007.0,22.8
2026-10-03,15h-18h,56,52,0,90.3,99.1,90.1,,52.1,22.8,8.6,23.9,1006.4,22.7
2026-10-03,18h-21h,55,49,0,92.4,98.3,92.3,,47.7,19.1,9.3,21.1,1006.6,22.8
2026-10-03,21h-24h,47,42,0,90.9,97.5,91.6,,20.0,22.4,3.6,20.6,1006.4,21.3
2026-10-04,00h-03h,0,0,0,,,,,,,,,,
2026-10-04,03h-06h,9,9,0,92.2,96.0,92.2,,25.3,23.1,4.7,19.6,1005.2,22.6
2026-10-04,06h-09h,50,43,0,92.0,100.6,92.3,,45.9,38.6,4.9,19.6,1005.2,22.9
2026-10-04,09h-12h,47,44,0,91.9,99.7,91.9,,81.8,20.8,7.0,20.6,1006.4,22.7
2026-10-04,12h-15h,49,38,0,94.3,101.2,94.3,,73.5,15.4,6.2,22.6,1006.0,22.7
2026-10-04,15h-18h,62,17,42,85.5,96.5,93.7,81.6,55.8,19.0,7.9,24.1,1004.6,202.6
2026-10-04,18h-21h,50,24,18,88.3,99.7,93.2,83.1,76.9,61.8,2.5,24.6,1004.0,24.2
2026-10-04,21h-24h,64,56,0,91.3,97.0,91.1,,22.4,28.2,6.1,22.0,1005.0,22.7
2026-10-05,00h-03h,7,7,0,90.7,93.0,90.7,,41.3,4.3,10.1,20.4,1005.4,22.5
2026-10-05,03h-06h,11,11,0,93.5,105.2,93.5,,39.5,2.2,12.0,18.6,1004.0,22.9
2026-10-05,06h-09h,48,45,0,92.3,98.6,92.2,,41.4,0.8,10.9,18.2,1003.6,22.7
2026-10-05,09h-12h,45,39,0,92.4,102.8,92.2,,40.7,7.8,9.8,19.8,1004.6,22.7
2026-10-05,12h-15h,44,43,0,92.0,98.3,92.6,,119.7,35.4,6.6,23.8,1003.2,22.8
2026-10-05,15h-18h,60,17,39,83.5,98.4,92.6,79.4,202.3,14.2,11.8,24.7,1001.8,200.3
2026-10-05,18h-21h,46,0,42,80.8,91.3,,81.4,224.8,2.3,10.5,21.4,1002.6,202.5
2026-10-05,21h-24h,42,1,40,82.4,93.8,93.8,82.1,183.6,30.1,3.7,20.0,1003.2,202.5
2026-10-06,00h-03h,5,0,5,86.2,89.3,,86.2,146.1,11.1,2.8,19.5,1003.2,201.7
2026-10-06,03h-06h,2,0,2,84.3,84.9,,84.3,212.0,-0.0,4.7,18.9,1002.2,202.9
2026-10-06,06h-09h,46,0,43,79.7,90.7,,79.3,210.8,10.8,6.5,18.8,1001.9,202.4
2026-10-06,09h-12h,51,2,44,84.6,99.3,94.5,84.0,244.1,11.7,8.2,19.9,1003.0,202.1
2026-10-06,12h-15h,42,37,0,94.1,99.6,94.2,,261.4,9.2,8.8,22.8,1002.7,22.8
2026-10-06,15h-18h,50,48,0,92.8,97.9,93.0,,279.0,13.2,11.2,23.1,1001.8,22.6
2026-10-06,18h-21h,60,53,2,92.6,98.8,93.4,68.6,313.5,7.0,11.9,19.9,1002.6,22.8
2026-10-06,21h-24h,63,60,0,91.5,97.9,91.5,,313.7,13.7,5.5,18.3,1004.3,22.8
2026-10-07,00h-03h,4,4,0,91.8,96.1,91.8,,297.8,2.2,3.7,17.7,1004.7,22.9
2026-10-07,03h-06h,10,10,0,92.5,97.6,92.5,,288.9,8.5,2.7,17.0,1003.8,22.8
2026-10-07,06h-09h,45,43,0,92.7,98.9,93.0,,278.9,6.9,2.7,16.8,1004.6,22.8
2026-10-07,09h-12h,49,44,0,92.6,100.9,92.6,,329.9,17.8,7.1,19.9,1005.9,22.8
2026-10-07,12h-15h,52,47,0,92.6,99.0,92.5,,339.7,3.0,11.4,23.0,1005.7,22.7
2026-10-07,15h-18h,53,49,0,91.8,96.8,93.0,,340.0,2.9,14.3,22.7,1004.6,21.0
2026-10-07,18h-21h,60,58,0,92.7,101.7,92.7,,347.5,0.6,15.9,19.6,1005.4,22.8
2026-10-07,21h-24h,57,50,1,90.6,99.3,91.7,67.0,349.4,0.6,13.1,17.5,1006.6,20.9
2026-10-08,00h-03h,0,0,0,,,,,,,,,,
2026-10-08,03h-06h,10,9,0,91.7,96.6,91.9,,339.7,3.3,4.9,16.2,1006.8,23.0
2026-10-08,06h-09h,56,54,0,92.6,101.6,92.7,,337.7,4.8,5.2,15.3,1007.7,22.8
2026-10-08,09h-12h,47,39,0,91.1,96.6,90.8,,29.1,18.0,12.0,20.6,1009.1,22.7
2026-10-08,12h-15h,50,43,0,91.7,100.1,91.9,,42.5,2.8,15.5,25.1,1008.8,22.7
2026-10-08,15h-18h,58,54,0,91.6,97.1,91.6,,24.0,17.3,15.5,27.0,1007.4,22.7
2026-10-08,18h-21h,52,48,0,90.4,97.3,90.2,,348.2,1.6,15.9,21.7,1007.7,20.3
2026-10-08,21h-24h,55,47,0,89.9,95.1,90.5,,357.3,2.8,8.6,20.2,1008.7,22.2
2026-10-09,00h-03h,5,5,0,90.3,93.5,90.3,,33.0,5.8,11.0,19.4,1009.3,22.7
2026-10-09,03h-06h,7,6,0,90.4,93.4,90.9,,33.7,0.7,11.1,17.5,1009.0,22.6
2026-10-09,06h-09h,51,47,0,89.9,98.9,90.0,,38.1,2.1,12.7,16.4,1009.5,22.7
2026-10-09,09h-12h,55,49,0,90.2,96.2,90.2,,51.0,2.7,15.8,18.5,1010.9,22.7
2026-10-09,12h-15h,46,41,0,91.1,98.2,91.3,,53.2,1.6,14.0,23.2,1010.2,22.7
2026-10-09,15h-18h,53,46,0,90.2,95.2,90.0,,31.3,16.6,12.2,25.3,1008.6,22.7
2026-10-09,18h-21h,53,44,0,89.7,98.5,90.2,,341.1,3.8,13.5,20.9,1008.3,22.9
2026-10-09,21h-24h,62,57,1,89.3,94.7,90.0,53.6,341.5,1.7,7.3,18.1,1008.8,23.7
