time_utc,unix_time,temperature_c,humidity_pct,pressure_hpa,pressure_msl_hpa,wind_speed_kmh,wind_dir_deg,wind_gust_kmh,precipitation_mm,cloud_cover_pct
2026-10-01T00:00,1790812800,17.6,84,1009.6,1022.2,8.3,355,21.2,0.0,66
2026-10-01T01:00,1790816400,17.4,84,1009.9,1022.5,8.7,355,19.4,0.0,77
2026-10-01T02:00,1790820000,17.2,84,1009.9,1022.6,9.4,353,20.9,0.0,100
2026-10-01T03:00,1790823600,16.8,86,1009.9,1022.6,11.6,353,23.8,0.0,56
2026-10-01T04:00,1790827200,16.6,86,1009.8,1022.5,12.7,353,27.4,0.0,43
2026-10-01T05:00,1790830800,16.4,86,1010.1,1022.8,14.1,356,31.0,0.0,40
2026-10-01T06:00,1790834400,16.3,85,1010.2,1022.9,14.8,354,32.8,0.0,94
2026-10-01T07:00,1790838000,16.2,82,1010.6,1023.3,14.8,356,33.8,0.0,96
2026-10-01T08:00,1790841600,16.8,75,1010.6,1023.3,16.6,359,37.1,0.0,20
2026-10-01T09:00,1790845200,18.4,62,1010.8,1023.4,17.6,359,38.9,0.0,52
2026-10-01T10:00,1790848800,19.6,55,1010.6,1023.2,18.4,3,43.2,0.0,26
2026-10-01T11:00,1790852400,21.0,49,1010.8,1023.3,18.0,2,43.2,0.0,0
2026-10-01T12:00,1790856000,22.3,44,1009.7,1022.1,17.3,359,42.1,0.0,0
2026-10-01T13:00,1790859600,22.6,45,1009.5,1021.9,17.7,356,42.1,0.0,6
2026-10-01T14:00,1790863200,22.5,45,1009.0,1021.4,20.0,353,46.8,0.0,0
2026-10-01T15:00,1790866800,22.4,42,1008.8,1021.2,20.4,352,51.1,0.0,0
2026-10-01T16:00,1790870400,21.8,43,1008.3,1020.7,20.7,352,49.7,0.0,0
2026-10-01T17:00,1790874000,20.9,47,1008.3,1020.8,19.6,347,48.6,0.0,0
2026-10-01T18:00,1790877600,19.6,52,1007.8,1020.3,18.1,339,45.4,0.0,0
2026-10-01T19:00,1790881200,18.4,58,1008.3,1020.9,15.5,338,41.0,0.0,0
2026-10-01T20:00,1790884800,17.9,67,1008.3,1020.9,12.9,342,34.6,0.0,0
2026-10-01T21:00,1790888400,17.8,67,1008.7,1021.3,9.7,338,28.1,0.0,0
2026-10-01T22:00,1790892000,17.9,68,1008.5,1021.1,7.8,338,23.0,0.0,0
2026-10-01T23:00,1790895600,17.9,68,1008.7,1021.3,4.9,343,17.6,0.0,2
2026-10-02T00:00,1790899200,17.7,68,1007.8,1020.4,4.2,329,11.2,0.0,86
2026-10-02T01:00,1790902800,17.3,71,1007.9,1020.5,3.8,319,9.0,0.0,100
2026-10-02T02:00,1790906400,16.7,75,1007.5,1020.2,3.9,326,7.9,0.0,19
2026-10-02T03:00,1790910000,16.4,78,1007.3,1020.0,3.6,323,7.9,0.0,0
2026-10-02T04:00,1790913600,15.9,81,1006.8,1019.5,3.7,331,7.2,0.0,0
2026-10-02T05:00,1790917200,15.6,81,1006.6,1019.3,3.1,339,7.6,0.0,11
2026-10-02T06:00,1790920800,16.3,80,1006.8,1019.5,2.9,360,6.1,0.0,100
2026-10-02T07:00,1790924400,16.5,81,1007.1,1019.8,3.3,354,5.8,0.0,99
2026-10-02T08:00,1790928000,17.5,77,1007.7,1020.3,2.2,9,6.8,0.0,81
2026-10-02T09:00,1790931600,19.3,68,1008.2,1020.7,3.6,45,11.2,0.0,100
2026-10-02T10:00,1790935200,21.1,59,1008.4,1020.9,4.1,45,13.0,0.0,100
2026-10-02T11:00,1790938800,22.7,52,1008.0,1020.4,5.9,47,16.2,0.0,100
2026-10-02T12:00,1790942400,24.4,49,1008.0,1020.3,6.0,57,18.4,0.0,100
2026-10-02T13:00,1790946000,25.8,44,1007.1,1019.4,5.3,62,17.3,0.0,100
2026-10-02T14:00,1790949600,26.9,41,1006.9,1019.1,4.2,59,15.5,0.0,100
2026-10-02T15:00,1790953200,27.4,40,1006.1,1018.3,1.5,104,13.3,0.0,100
2026-10-02T16:00,1790956800,27.3,41,1005.9,1018.1,2.9,240,10.4,0.0,100
2026-10-02T17:00,1790960400,26.3,48,1005.9,1018.1,10.2,321,22.0,0.0,100
2026-10-02T18:00,1790964000,24.6,50,1005.5,1017.8,9.5,323,25.2,0.0,100
2026-10-02T19:00,1790967600,23.4,53,1005.4,1017.7,7.4,337,20.5,0.0,100
2026-10-02T20:00,1790971200,22.6,56,1005.8,1018.2,5.4,340,16.9,0.0,100
2026-10-02T21:00,1790974800,22.4,56,1006.6,1019.0,5.8,330,12.2,0.0,100
2026-10-02T22:00,1790978400,22.2,57,1006.9,1019.3,5.4,323,12.6,0.0,100
2026-10-02T23:00,1790982000,22.2,56,1007.0,1019.4,6.0,335,14.4,0.0,100
2026-10-03T00:00,1790985600,21.9,59,1006.3,1018.7,3.9,338,14.0,0.0,86
2026-10-03T01:00,1790989200,21.4,62,1006.1,1018.5,2.9,353,9.0,0.0,52
2026-10-03T02:00,1790992800,20.6,69,1005.6,1018.1,2.2,81,6.5,0.0,36
2026-10-03T03:00,1790996400,20.0,76,1005.6,1018.1,1.1,90,4.0,0.0,42
2026-10-03T04:00,1791000000,19.6,81,1005.4,1017.9,1.4,90,4.3,0.0,81
2026-10-03T05:00,1791003600,19.2,81,1005.6,1018.1,3.3,354,6.8,0.0,99
2026-10-03T06:00,1791007200,19.4,81,1005.7,1018.2,2.9,30,7.9,0.0,95
2026-10-03T07:00,1791010800,19.5,80,1005.8,1018.3,3.8,41,9.0,0.0,100
2026-10-03T08:00,1791014400,20.1,76,1006.5,1019.0,5.9,43,14.0,0.0,100
2026-10-03T09:00,1791018000,21.6,69,1007.0,1019.4,5.6,45,19.4,0.0,100
2026-10-03T10:00,1791021600,20.7,79,1007.9,1020.4,11.2,111,30.2,0.1,97
2026-10-03T11:00,1791025200,20.0,80,1008.1,1020.6,4.0,85,30.2,1.9,96
2026-10-03T12:00,1791028800,24.2,62,1007.1,1019.4,1.8,53,14.4,0.0,72
2026-10-03T13:00,1791032400,25.7,58,1006.4,1018.7,3.1,135,10.4,0.0,99
2026-10-03T14:00,1791036000,26.3,58,1006.1,1018.3,6.2,100,18.7,0.0,100
2026-10-03T15:00,1791039600,26.9,58,1005.5,1017.7,0.7,360,20.2,0.4,98
2026-10-03T16:00,1791043200,26.2,62,1005.8,1018.0,4.3,48,16.9,0.3,100
2026-10-03T17:00,1791046800,26.3,60,1005.2,1017.4,3.3,49,15.5,0.0,100
2026-10-03T18:00,1791050400,21.1,87,1007.0,1019.5,15.1,52,53.3,1.5,100
2026-10-03T19:00,1791054000,21.1,84,1006.4,1018.8,3.0,14,37.8,0.3,98
2026-10-03T20:00,1791057600,21.0,85,1006.5,1019.0,2.5,8,9.0,0.0,100
2026-10-03T21:00,1791061200,21.4,78,1006.7,1019.1,3.3,354,8.3,0.0,100
2026-10-03T22:00,1791064800,21.3,79,1006.6,1019.0,3.3,347,8.3,0.0,100
2026-10-03T23:00,1791068400,21.4,77,1007.0,1019.4,2.9,360,8.3,0.0,100
2026-10-04T00:00,1791072000,21.5,77,1006.3,1018.7,3.8,17,8.3,0.0,100
2026-10-04T01:00,1791075600,21.3,77,1006.3,1018.7,4.5,14,10.8,0.0,100
2026-10-04T02:00,1791079200,21.1,76,1005.4,1017.8,4.5,14,12.2,0.0,95
2026-10-04T03:00,1791082800,20.6,79,1005.6,1018.1,6.7,164,24.5,1.1,86
2026-10-04T04:00,1791086400,20.2,82,1004.5,1017.0,3.9,22,15.1,0.0,98
2026-10-04T05:00,1791090000,20.3,81,1004.6,1017.1,5.8,30,13.3,0.0,83
2026-10-04T06:00,1791093600,20.3,83,1004.7,1017.2,4.8,27,13.7,0.0,16
2026-10-04T07:00,1791097200,19.8,85,1005.5,1018.0,3.5,204,11.5,0.3,100
2026-10-04T08:00,1791100800,19.5,87,1005.6,1018.1,4.7,32,16.6,1.1,12
2026-10-04T09:00,1791104400,21.2,79,1005.7,1018.1,4.8,77,24.1,1.0,100
2026-10-04T10:00,1791108000,20.6,82,1006.4,1018.9,10.2,108,30.6,1.2,100
2026-10-04T11:00,1791111600,21.4,77,1006.4,1018.8,3.0,76,23.8,0.0,100
2026-10-04T12:00,1791115200,24.4,68,1005.7,1018.0,7.1,49,11.9,0.0,100
2026-10-04T13:00,1791118800,25.3,64,1005.5,1017.8,8.0,72,20.5,0.0,21
2026-10-04T14:00,1791122400,25.3,66,1004.8,1017.1,4.3,66,24.8,0.8,100
2026-10-04T15:00,1791126000,25.9,61,1004.1,1016.3,7.0,55,24.1,0.7,9
2026-10-04T16:00,1791129600,26.0,60,1004.1,1016.3,7.6,71,22.7,0.1,8
2026-10-04T17:00,1791133200,25.8,59,1003.7,1015.9,4.5,76,19.1,0.2,8
2026-10-04T18:00,1791136800,24.9,63,1004.2,1016.5,2.2,81,12.2,0.0,8
2026-10-04T19:00,1791140400,23.9,67,1004.4,1016.7,1.1,360,5.8,0.0,72
2026-10-04T20:00,1791144000,22.9,68,1004.7,1017.1,3.7,11,6.1,0.0,100
2026-10-04T21:00,1791147600,22.2,69,1005.2,1017.6,5.8,30,12.6,0.0,78
2026-10-04T22:00,1791151200,21.7,71,1005.4,1017.8,8.7,52,19.8,0.0,85
2026-10-04T23:00,1791154800,20.8,75,1005.5,1018.0,9.4,43,21.6,0.0,47
2026-10-05T00:00,1791158400,20.4,72,1004.6,1017.1,10.8,37,22.7,0.0,0
2026-10-05T01:00,1791162000,19.7,76,1004.2,1016.7,11.3,31,24.1,0.0,72
2026-10-05T02:00,1791165600,19.3,80,1004.2,1016.7,11.7,34,25.2,0.0,100
2026-10-05T03:00,1791169200,18.9,81,1003.9,1016.4,12.3,38,26.6,0.0,100
2026-10-05T04:00,1791172800,18.8,83,1004.1,1016.6,12.3,38,27.0,0.0,99
2026-10-05T05:00,1791176400,18.4,84,1003.6,1016.1,12.2,43,28.1,0.0,99
2026-10-05T06:00,1791180000,18.4,83,1003.9,1016.4,12.5,41,27.0,0.0,92
2026-10-05T07:00,1791183600,18.3,83,1003.4,1015.9,12.7,43,27.7,0.2,100
2026-10-05T08:00,1791187200,18.5,81,1003.8,1016.3,11.5,46,30.2,0.0,93
2026-10-05T09:00,1791190800,19.0,77,1004.0,1016.5,11.5,39,26.6,0.1,85
2026-10-05T10:00,1791194400,20.2,71,1004.6,1017.1,11.2,42,26.3,0.0,75
2026-10-05T11:00,1791198000,21.7,66,1004.0,1016.4,10.0,60,26.3,0.0,66
2026-10-05T12:00,1791201600,22.8,64,1004.2,1016.5,5.7,108,24.1,0.0,69
2026-10-05T13:00,1791205200,24.4,58,1003.1,1015.4,5.8,158,19.4,0.0,40
2026-10-05T14:00,1791208800,25.3,52,1002.4,1014.6,10.1,184,25.6,0.0,71
2026-10-05T15:00,1791212400,25.0,57,1002.0,1014.2,13.9,201,32.4,0.0,40
2026-10-05T16:00,1791216000,24.4,55,1002.0,1014.3,13.9,211,32.0,0.0,9
2026-10-05T17:00,1791219600,22.9,65,1002.2,1014.5,14.0,222,32.0,0.0,11
2026-10-05T18:00,1791223200,21.6,75,1002.5,1014.9,11.2,230,30.6,0.0,4
2026-10-05T19:00,1791226800,20.7,83,1002.7,1015.1,6.9,231,23.8,0.0,26
2026-10-05T20:00,1791230400,20.2,87,1002.9,1015.3,4.3,228,14.4,0.0,48
2026-10-05T21:00,1791234000,19.9,89,1003.1,1015.6,2.8,220,9.4,0.0,56
2026-10-05T22:00,1791237600,19.8,90,1003.2,1015.7,1.5,166,6.1,0.0,98
2026-10-05T23:00,1791241200,19.6,91,1003.4,1015.9,2.3,108,4.7,0.0,97
2026-10-06T00:00,1791244800,19.3,92,1002.6,1015.1,2.4,153,14.4,0.3,82
2026-10-06T01:00,1791248400,19.1,93,1002.4,1014.9,2.9,173,10.4,0.2,69
2026-10-06T02:00,1791252000,19.0,93,1002.2,1014.7,3.1,201,9.0,0.2,95
2026-10-06T03:00,1791255600,19.5,94,1002.1,1014.6,5.0,201,7.2,0.0,72
2026-10-06T04:00,1791259200,19.2,93,1002.1,1014.6,6.9,219,15.5,0.2,73
2026-10-06T05:00,1791262800,19.1,93,1001.8,1014.3,6.4,218,18.0,0.1,90
2026-10-06T06:00,1791266400,18.5,95,1002.2,1014.7,5.0,201,17.6,0.1,100
2026-10-06T07:00,1791270000,18.5,94,1002.0,1014.5,5.2,205,18.0,0.1,100
2026-10-06T08:00,1791273600,18.9,92,1002.4,1014.9,6.5,214,21.2,0.1,93
2026-10-06T09:00,1791277200,20.1,85,1002.7,1015.1,5.9,232,23.4,0.5,100
2026-10-06T10:00,1791280800,20.7,80,1003.1,1015.5,6.8,273,20.2,1.1,100
2026-10-06T11:00,1791284400,21.7,72,1003.2,1015.6,7.6,265,22.3,0.3,100
2026-10-06T12:00,1791288000,24.0,56,1002.7,1015.0,8.9,297,27.0,0.0,68
2026-10-06T13:00,1791291600,23.4,63,1003.0,1015.3,10.2,302,31.3,0.2,100
2026-10-06T14:00,1791295200,23.6,60,1002.7,1015.0,10.8,307,31.0,0.3,100
2026-10-06T15:00,1791298800,24.4,54,1002.1,1014.4,11.5,309,32.4,0.3,58
2026-10-06T16:00,1791302400,23.7,58,1001.6,1013.9,13.5,299,35.6,0.1,85
2026-10-06T17:00,1791306000,22.1,68,1001.9,1014.2,14.5,305,36.7,0.0,99
2026-10-06T18:00,1791309600,19.9,79,1002.3,1014.7,13.6,307,36.7,0.0,63
2026-10-06T19:00,1791313200,19.1,84,1003.2,1015.7,10.2,312,34.2,0.0,52
2026-10-06T20:00,1791316800,18.7,87,1003.7,1016.2,7.9,317,25.2,0.0,58
2026-10-06T21:00,1791320400,18.5,88,1004.0,1016.5,6.1,315,19.4,0.0,58
2026-10-06T22:00,1791324000,18.2,89,1004.3,1016.8,3.9,292,15.8,0.0,54
2026-10-06T23:00,1791327600,17.9,91,1004.7,1017.3,3.3,276,10.8,0.0,55
2026-10-07T00:00,1791331200,17.8,92,1004.0,1016.6,3.3,276,10.1,0.0,78
2026-10-07T01:00,1791334800,17.7,92,1004.1,1016.7,3.3,283,9.7,0.0,63
2026-10-07T02:00,1791338400,17.5,93,1003.6,1016.2,3.0,284,8.6,0.0,67
2026-10-07T03:00,1791342000,17.1,93,1003.9,1016.5,2.9,300,8.6,0.0,87
2026-10-07T04:00,1791345600,16.9,93,1003.8,1016.4,2.9,300,9.0,0.0,99
2026-10-07T05:00,1791349200,16.7,94,1004.0,1016.6,2.9,270,8.6,0.0,61
2026-10-07T06:00,1791352800,16.5,94,1004.2,1016.8,3.0,284,7.9,0.0,79
2026-10-07T07:00,1791356400,16.7,93,1004.8,1017.4,3.1,291,9.7,0.0,69
2026-10-07T08:00,1791360000,17.6,88,1005.5,1018.1,2.9,300,9.7,0.0,65
2026-10-07T09:00,1791363600,19.4,76,1005.4,1017.9,8.9,339,23.0,0.0,55
2026-10-07T10:00,1791367200,20.9,67,1005.9,1018.4,8.9,346,25.2,0.0,58
2026-10-07T11:00,1791370800,22.3,59,1005.9,1018.3,9.8,343,27.7,0.0,66
2026-10-07T12:00,1791374400,23.4,53,1006.2,1018.5,12.5,342,29.9,0.0,85
2026-10-07T13:00,1791378000,23.0,57,1005.6,1018.0,14.1,341,37.4,0.0,84
2026-10-07T14:00,1791381600,23.2,57,1005.2,1017.5,14.3,335,37.8,0.0,78
2026-10-07T15:00,1791385200,23.0,59,1005.1,1017.4,14.0,337,38.2,0.0,81
2026-10-07T16:00,1791388800,22.7,60,1004.9,1017.3,14.8,342,38.5,0.0,57
2026-10-07T17:00,1791392400,21.8,62,1004.9,1017.3,15.2,346,38.5,0.0,42
2026-10-07T18:00,1791396000,20.2,70,1005.4,1017.9,14.6,344,40.3,0.0,20
2026-10-07T19:00,1791399600,18.5,79,1005.7,1018.3,15.5,347,39.6,0.0,28
2026-10-07T20:00,1791403200,17.8,80,1006.3,1018.9,14.3,348,39.2,0.0,0
2026-10-07T21:00,1791406800,17.7,82,1006.1,1018.7,13.3,347,35.6,0.0,0
2026-10-07T22:00,1791410400,17.4,85,1006.7,1019.3,11.8,348,33.1,0.0,12
2026-10-07T23:00,1791414000,17.6,83,1006.9,1019.5,10.0,347,30.2,0.0,0
2026-10-08T00:00,1791417600,17.7,80,1006.8,1019.4,9.9,350,28.1,0.0,0
2026-10-08T01:00,1791421200,17.5,79,1006.9,1019.5,8.8,351,25.2,0.0,0
2026-10-08T02:00,1791424800,17.4,78,1006.6,1019.2,7.2,354,24.1,0.0,0
2026-10-08T03:00,1791428400,16.8,81,1007.0,1019.6,7.0,348,20.9,0.0,0
2026-10-08T04:00,1791432000,16.4,81,1006.8,1019.5,5.4,340,19.4,0.0,0
2026-10-08T05:00,1791435600,15.8,82,1007.3,1020.0,5.2,335,16.9,0.0,0
2026-10-08T06:00,1791439200,15.4,83,1007.3,1020.0,5.8,338,16.2,0.0,6
2026-10-08T07:00,1791442800,15.0,85,1007.5,1020.2,5.4,340,18.0,0.0,19
2026-10-08T08:00,1791446400,16.8,76,1008.2,1020.9,5.5,349,18.4,0.0,0
2026-10-08T09:00,1791450000,20.6,56,1008.7,1021.2,10.5,22,25.9,0.0,0
2026-10-08T10:00,1791453600,22.3,46,1009.4,1021.8,17.3,43,42.8,0.0,0
2026-10-08T11:00,1791457200,23.4,45,1009.2,1021.6,16.5,44,43.2,0.0,0
2026-10-08T12:00,1791460800,24.9,40,1009.1,1021.4,14.6,40,42.1,0.0,0
2026-10-08T13:00,1791464400,25.9,39,1008.3,1020.6,14.3,39,38.5,0.0,0
2026-10-08T14:00,1791468000,27.0,35,1007.9,1020.1,14.8,34,38.5,0.0,0
2026-10-08T15:00,1791471600,27.5,31,1007.3,1019.5,14.3,34,38.5,0.0,0
2026-10-08T16:00,1791475200,27.4,31,1007.4,1019.6,15.0,10,37.8,0.0,0
2026-10-08T17:00,1791478800,24.1,42,1007.3,1019.6,18.4,349,47.5,0.0,0
2026-10-08T18:00,1791482400,21.8,51,1007.3,1019.7,16.9,348,46.4,0.0,0
2026-10-08T19:00,1791486000,20.6,53,1007.8,1020.3,13.2,349,43.6,0.0,0
2026-10-08T20:00,1791489600,20.3,53,1008.3,1020.8,10.5,354,32.8,0.0,4
2026-10-08T21:00,1791493200,20.4,50,1008.5,1021.0,8.7,353,28.4,0.0,0
2026-10-08T22:00,1791496800,20.1,49,1008.7,1021.2,7.2,354,25.6,0.0,0
2026-10-08T23:00,1791500400,19.8,47,1009.1,1021.6,8.1,13,23.0,0.0,0
2026-10-09T00:00,1791504000,19.9,45,1009.4,1021.9,12.5,33,32.8,0.0,0
2026-10-09T01:00,1791507600,19.2,46,1009.1,1021.7,11.1,36,32.4,0.0,0
2026-10-09T02:00,1791511200,18.6,46,1008.9,1021.5,10.6,35,29.9,0.0,0
2026-10-09T03:00,1791514800,17.8,46,1008.9,1021.5,11.9,35,29.9,0.0,0
2026-10-09T04:00,1791518400,17.4,46,1009.1,1021.7,12.0,33,32.0,0.0,0
2026-10-09T05:00,1791522000,16.9,47,1009.2,1021.9,11.7,34,32.0,0.0,0
2026-10-09T06:00,1791525600,16.7,47,1009.9,1022.6,12.4,36,33.1,0.0,0
2026-10-09T07:00,1791529200,16.0,49,1009.8,1022.5,12.6,37,30.2,0.0,0
2026-10-09T08:00,1791532800,16.8,46,1010.4,1023.1,14.5,44,35.3,0.0,0
2026-10-09T09:00,1791536400,18.2,41,1010.7,1023.3,16.4,50,40.3,0.0,0
2026-10-09T10:00,1791540000,19.5,38,1011.0,1023.6,15.6,52,40.3,0.0,0
2026-10-09T11:00,1791543600,21.3,36,1010.8,1023.3,14.6,52,39.2,0.0,0
2026-10-09T12:00,1791547200,22.9,33,1010.8,1023.2,13.3,52,38.2,0.0,0
2026-10-09T13:00,1791550800,24.3,29,1009.9,1022.3,12.8,50,36.4,0.0,0
2026-10-09T14:00,1791554400,25.1,28,1009.4,1021.7,11.7,43,34.2,0.0,0
2026-10-09T15:00,1791558000,25.9,28,1008.2,1020.5,11.1,36,31.7,0.0,0
2026-10-09T16:00,1791561600,25.9,27,1007.9,1020.2,10.2,23,30.6,0.0,0
2026-10-09T17:00,1791565200,24.0,34,1007.6,1019.9,14.6,350,37.1,0.0,0
2026-10-09T18:00,1791568800,21.3,37,1007.9,1020.4,14.1,341,37.8,0.0,0
2026-10-09T19:00,1791572400,19.5,38,1008.3,1020.8,11.0,337,36.4,0.0,0
2026-10-09T20:00,1791576000,18.7,41,1008.4,1021.0,8.4,340,28.8,0.0,0
2026-10-09T21:00,1791579600,18.0,46,1008.8,1021.4,7.8,338,23.8,0.0,0
2026-10-09T22:00,1791583200,17.4,53,1009.2,1021.8,6.6,338,22.3,0.0,0
2026-10-09T23:00,1791586800,16.8,57,1009.1,1021.8,5.2,335,19.4,0.0,0
2026-10-10T00:00,1791590400,15.9,59,1008.3,1021.0,4.4,325,16.2,0.0,0
2026-10-10T01:00,1791594000,14.9,63,1007.8,1020.5,4.0,333,13.7,0.0,0
2026-10-10T02:00,1791597600,13.9,68,1007.3,1020.1,3.9,326,11.2,0.0,77
2026-10-10T03:00,1791601200,13.4,67,1007.2,1020.0,4.0,350,10.8,0.0,100
2026-10-10T04:00,1791604800,13.5,68,1007.3,1020.1,4.1,345,11.9,0.0,67
2026-10-10T05:00,1791608400,13.2,68,1007.2,1020.0,4.2,340,13.7,0.0,82
2026-10-10T06:00,1791612000,13.1,69,1007.2,1020.0,4.1,345,13.7,0.0,94
2026-10-10T07:00,1791615600,13.5,65,1007.0,1019.8,4.1,345,13.7,0.0,99
2026-10-10T08:00,1791619200,15.1,59,1007.6,1020.3,3.2,360,13.0,0.0,100
2026-10-10T09:00,1791622800,18.9,48,1007.8,1020.4,4.3,48,15.8,0.0,13
2026-10-10T10:00,1791626400,21.3,40,1008.2,1020.7,7.7,53,21.2,0.0,17
2026-10-10T11:00,1791630000,23.0,35,1008.2,1020.6,9.0,53,24.8,0.0,37
2026-10-10T12:00,1791633600,24.7,32,1008.0,1020.3,7.9,51,24.8,0.0,97
2026-10-10T13:00,1791637200,26.2,27,1007.2,1019.4,7.7,53,23.4,0.0,66
2026-10-10T14:00,1791640800,27.3,26,1006.1,1018.3,6.8,58,22.3,0.0,51
2026-10-10T15:00,1791644400,27.8,31,1005.5,1017.7,4.4,9,19.8,0.0,27
2026-10-10T16:00,1791648000,25.8,45,1005.8,1018.0,11.3,338,31.0,0.0,20
2026-10-10T17:00,1791651600,23.1,51,1005.7,1018.1,14.5,330,36.7,0.0,49
